Study,Gas,Surfactant,Surfactant Concentration,Additive,Additive Concentration,LiquidPhase,Quality,Pressure (Psi),Temperature (C),Shear Rate (/Sec),Halflife (Min),Viscosity(cP)
Ahmed 2017,CO2,AOS,0.25 w%,TEGO Betaine C 60,0.5 w%,3 w% NaCl,,1500,80,10,,300
Ahmed 2017,CO2,AOS,0.25 w%,TEGO Betaine C 60,0.5 w%,3 w% NaCl,,1500,80,100,,90
Ahmed 2017,CO2,AOS,0.25 w%,TEGO Betaine C 60,0.5 w%,3 w% NaCl,,1500,80,200,,50
Ahmed 2017,CO2,AOS,0.25 w%,TEGO Betaine C 60,0.5 w%,3 w% NaCl,,1500,80,500,,40
Ahmed 2017,CO2,AOS,0.5 w%,TEGO Betaine C 60,0.5 w%,3 w% NaCl,,1500,80,10,,550
Ahmed 2017,CO2,AOS,0.5 w%,TEGO Betaine C 60,0.5 w%,3 w% NaCl,,1500,80,100,,150
Ahmed 2017,CO2,AOS,0.5 w%,TEGO Betaine C 60,0.5 w%,3 w% NaCl,,1500,80,200,,70
Ahmed 2017,CO2,AOS,0.5 w%,TEGO Betaine C 60,0.5 w%,3 w% NaCl,,1500,80,500,,60
Ahmed 2017,CO2,AOS,1 w%,TEGO Betaine C 60,0.5 w%,3 w% NaCl,,1500,80,10,,600
Ahmed 2017,CO2,AOS,1 w%,TEGO Betaine C 60,0.5 w%,3 w% NaCl,,1500,80,100,,140
Ahmed 2017,CO2,AOS,1 w%,TEGO Betaine C 60,0.5 w%,3 w% NaCl,,1500,80,200,,60
Ahmed 2017,CO2,AOS,1 w%,TEGO Betaine C 60,0.5 w%,3 w% NaCl,,1500,80,500,,50
Ahmed 2017,CO2,AOS,0.5 w%,TEGO Betaine C 60,0.5 w%,0.5 w% NaCl,,1500,80,10,,380
Ahmed 2017,CO2,AOS,0.5 w%,TEGO Betaine C 60,0.5 w%,0.5 w% NaCl,,1500,80,100,,150
Ahmed 2017,CO2,AOS,0.5 w%,TEGO Betaine C 60,0.5 w%,0.5 w% NaCl,,1500,80,200,,70
Ahmed 2017,CO2,AOS,0.5 w%,TEGO Betaine C 60,0.5 w%,0.5 w% NaCl,,1500,80,500,,60
Ahmed 2017,CO2,AOS,0.5 w%,TEGO Betaine C 60,0.5 w%,1.5 w% NaCl,,1500,80,10,,450
Ahmed 2017,CO2,AOS,0.5 w%,TEGO Betaine C 60,0.5 w%,1.5 w% NaCl,,1500,80,100,,150
Ahmed 2017,CO2,AOS,0.5 w%,TEGO Betaine C 60,0.5 w%,1.5 w% NaCl,,1500,80,200,,70
Ahmed 2017,CO2,AOS,0.5 w%,TEGO Betaine C 60,0.5 w%,1.5 w% NaCl,,1500,80,500,,60
Ahmed 2017,CO2,AOS,0.5 w%,TEGO Betaine C 60,0.5 w%,5 w% NaCl,,1500,80,10,,600
Ahmed 2017,CO2,AOS,0.5 w%,TEGO Betaine C 60,0.5 w%,5 w% NaCl,,1500,80,100,,180
Ahmed 2017,CO2,AOS,0.5 w%,TEGO Betaine C 60,0.5 w%,5 w% NaCl,,1500,80,200,,80
Ahmed 2017,CO2,AOS,0.5 w%,TEGO Betaine C 60,0.5 w%,5 w% NaCl,,1500,80,500,,60
Ahmed 2017,CO2,AOS,0.5 w%,TEGO Betaine C 60,0.5 w%,8 w% NaCl,,1500,80,10,,700
Ahmed 2017,CO2,AOS,0.5 w%,TEGO Betaine C 60,0.5 w%,8 w% NaCl,,1500,80,100,,240
Ahmed 2017,CO2,AOS,0.5 w%,TEGO Betaine C 60,0.5 w%,8 w% NaCl,,1500,80,200,,100
Ahmed 2017,CO2,AOS,0.5 w%,TEGO Betaine C 60,0.5 w%,8 w% NaCl,,1500,80,500,,80
Ahmed 2018,CO2,AOS,0.5 w%,TEGO Betaine C 60,0.5 w%,3 w% NaCl,,1500,40,10,,800
Ahmed 2018,CO2,AOS,0.5 w%,TEGO Betaine C 60,0.5 w%,3 w% NaCl,,1500,40,100,,180
Ahmed 2018,CO2,AOS,0.5 w%,TEGO Betaine C 60,0.5 w%,3 w% NaCl,,1500,40,200,,85
Ahmed 2018,CO2,AOS,0.5 w%,TEGO Betaine C 60,0.5 w%,3 w% NaCl,,1500,40,500,,65
Ahmed 2018,CO2,AOS,0.5 w%,TEGO Betaine C 60,0.5 w%,3 w% NaCl,,1500,80,10,,550
Ahmed 2018,CO2,AOS,0.5 w%,TEGO Betaine C 60,0.5 w%,3 w% NaCl,,1500,80,100,,150
Ahmed 2018,CO2,AOS,0.5 w%,TEGO Betaine C 60,0.5 w%,3 w% NaCl,,1500,80,200,,70
Ahmed 2018,CO2,AOS,0.5 w%,TEGO Betaine C 60,0.5 w%,3 w% NaCl,,1500,80,500,,60
Ahmed 2018,CO2,AOS,0.5 w%,TEGO Betaine C 60,0.5 w%,3 w% NaCl,,1500,100,10,,440
Ahmed 2018,CO2,AOS,0.5 w%,TEGO Betaine C 60,0.5 w%,3 w% NaCl,,1500,100,100,,120
Ahmed 2018,CO2,AOS,0.5 w%,TEGO Betaine C 60,0.5 w%,3 w% NaCl,,1500,100,200,,65
Ahmed 2018,CO2,AOS,0.5 w%,TEGO Betaine C 60,0.5 w%,3 w% NaCl,,1500,100,500,,55
Ahmed 2018,CO2,AOS,0.5 w%,TEGO Betaine C 60,0.5 w%,3 w% NaCl,,1500,120,10,,200
Ahmed 2018,CO2,AOS,0.5 w%,TEGO Betaine C 60,0.5 w%,3 w% NaCl,,1500,120,100,,100
Ahmed 2018,CO2,AOS,0.5 w%,TEGO Betaine C 60,0.5 w%,3 w% NaCl,,1500,120,200,,60
Ahmed 2018,CO2,AOS,0.5 w%,TEGO Betaine C 60,0.5 w%,3 w% NaCl,,1500,120,500,,45
Ahmed 2018,CO2,AOS,0.5 w%,TEGO Betaine C 60,0.5 w%,3 w% NaCl,,1000,80,10,,180
Ahmed 2018,CO2,AOS,0.5 w%,TEGO Betaine C 60,0.5 w%,3 w% NaCl,,1000,80,100,,75
Ahmed 2018,CO2,AOS,0.5 w%,TEGO Betaine C 60,0.5 w%,3 w% NaCl,,1000,80,200,,45
Ahmed 2018,CO2,AOS,0.5 w%,TEGO Betaine C 60,0.5 w%,3 w% NaCl,,1000,80,500,,40
Ahmed 2018,CO2,AOS,0.5 w%,TEGO Betaine C 60,0.5 w%,3 w% NaCl,,1500,80,10,,550
Ahmed 2018,CO2,AOS,0.5 w%,TEGO Betaine C 60,0.5 w%,3 w% NaCl,,1500,80,100,,150
Ahmed 2018,CO2,AOS,0.5 w%,TEGO Betaine C 60,0.5 w%,3 w% NaCl,,1500,80,200,,70
Ahmed 2018,CO2,AOS,0.5 w%,TEGO Betaine C 60,0.5 w%,3 w% NaCl,,1500,80,500,,55
Ahmed 2018,CO2,AOS,0.5 w%,TEGO Betaine C 60,0.5 w%,3 w% NaCl,,2000,80,10,,700
Ahmed 2018,CO2,AOS,0.5 w%,TEGO Betaine C 60,0.5 w%,3 w% NaCl,,2000,80,100,,170
Ahmed 2018,CO2,AOS,0.5 w%,TEGO Betaine C 60,0.5 w%,3 w% NaCl,,2000,80,200,,80
Ahmed 2018,CO2,AOS,0.5 w%,TEGO Betaine C 60,0.5 w%,3 w% NaCl,,2000,80,500,,60
Ahmed 2018,CO2,AOS,0.5 w%,TEGO Betaine C 60,0.5 w%,3 w% NaCl,,2500,80,10,,900
Ahmed 2018,CO2,AOS,0.5 w%,TEGO Betaine C 60,0.5 w%,3 w% NaCl,,2500,80,100,,220
Ahmed 2018,CO2,AOS,0.5 w%,TEGO Betaine C 60,0.5 w%,3 w% NaCl,,2500,80,200,,120
Ahmed 2018,CO2,AOS,0.5 w%,TEGO Betaine C 60,0.5 w%,3 w% NaCl,,2500,80,500,,90
Reidenbach 1986,N2,Anionic Surfactant,0.5 w%,HPG,40 lb/1000 gal,Water,0,,,100,,80
Reidenbach 1986,N2,Anionic Surfactant,0.5 w%,HPG,40 lb/1000 gal,Water,0,,,200,,60
Reidenbach 1986,N2,Anionic Surfactant,0.5 w%,HPG,40 lb/1000 gal,Water,0,,,1000,,30
Reidenbach 1986,N2,Anionic Surfactant,0.5 w%,HPG,40 lb/1000 gal,Water,0.2,,,100,,110
Reidenbach 1986,N2,Anionic Surfactant,0.5 w%,HPG,40 lb/1000 gal,Water,0.2,,,200,,70
Reidenbach 1986,N2,Anionic Surfactant,0.5 w%,HPG,40 lb/1000 gal,Water,0.2,,,1000,,35
Reidenbach 1986,N2,Anionic Surfactant,0.5 w%,HPG,40 lb/1000 gal,Water,0.4,,,100,,130
Reidenbach 1986,N2,Anionic Surfactant,0.5 w%,HPG,40 lb/1000 gal,Water,0.4,,,200,,80
Reidenbach 1986,N2,Anionic Surfactant,0.5 w%,HPG,40 lb/1000 gal,Water,0.4,,,1000,,40
Reidenbach 1986,N2,Anionic Surfactant,0.5 w%,HPG,40 lb/1000 gal,Water,0.6,,,100,,180
Reidenbach 1986,N2,Anionic Surfactant,0.5 w%,HPG,40 lb/1000 gal,Water,0.6,,,200,,130
Reidenbach 1986,N2,Anionic Surfactant,0.5 w%,HPG,40 lb/1000 gal,Water,0.6,,,1000,,50
Reidenbach 1986,N2,Anionic Surfactant,0.5 w%,HPG,40 lb/1000 gal,Water,0.8,,,100,,330
Reidenbach 1986,N2,Anionic Surfactant,0.5 w%,HPG,40 lb/1000 gal,Water,0.8,,,200,,220
Reidenbach 1986,N2,Anionic Surfactant,0.5 w%,HPG,40 lb/1000 gal,Water,0.8,,,1000,,80
Reidenbach 1986,CO2,Anionic Surfactant,0.5 w%,HPG,40 lb/1000 gal,Water,0,,,100,,80
Reidenbach 1986,CO2,Anionic Surfactant,0.5 w%,HPG,40 lb/1000 gal,Water,0,,,200,,50
Reidenbach 1986,CO2,Anionic Surfactant,0.5 w%,HPG,40 lb/1000 gal,Water,0,,,1000,,30
Reidenbach 1986,CO2,Anionic Surfactant,0.5 w%,HPG,40 lb/1000 gal,Water,0.2,,,100,,90
Reidenbach 1986,CO2,Anionic Surfactant,0.5 w%,HPG,40 lb/1000 gal,Water,0.2,,,200,,60
Reidenbach 1986,CO2,Anionic Surfactant,0.5 w%,HPG,40 lb/1000 gal,Water,0.2,,,1000,,35
Reidenbach 1986,CO2,Anionic Surfactant,0.5 w%,HPG,40 lb/1000 gal,Water,0.4,,,100,,120
Reidenbach 1986,CO2,Anionic Surfactant,0.5 w%,HPG,40 lb/1000 gal,Water,0.4,,,200,,70
Reidenbach 1986,CO2,Anionic Surfactant,0.5 w%,HPG,40 lb/1000 gal,Water,0.4,,,1000,,40
Reidenbach 1986,CO2,Anionic Surfactant,0.5 w%,HPG,40 lb/1000 gal,Water,0.6,,,100,,180
Reidenbach 1986,CO2,Anionic Surfactant,0.5 w%,HPG,40 lb/1000 gal,Water,0.6,,,200,,120
Reidenbach 1986,CO2,Anionic Surfactant,0.5 w%,HPG,40 lb/1000 gal,Water,0.6,,,1000,,50
Reidenbach 1986,CO2,Anionic Surfactant,0.5 w%,HPG,40 lb/1000 gal,Water,0.8,,,100,,210
Reidenbach 1986,CO2,Anionic Surfactant,0.5 w%,HPG,40 lb/1000 gal,Water,0.8,,,200,,230
Reidenbach 1986,CO2,Anionic Surfactant,0.5 w%,HPG,40 lb/1000 gal,Water,0.8,,,1000,,80
Alzobaidi 2017,CO2,EAPB,1 w%,,,2% KCl,0.95,,90,,,87
Alzobaidi 2017,CO2,CAPB,1 w%,,,2% KCl,0.95,,90,,,57
Alzobaidi 2017,CO2,CAPB,1 w%,,,2% KCl,0.95,,90,,,54
Alzobaidi 2017,CO2,OAPB,1 w%,,,2% KCl,0.95,,90,,,132
Alzobaidi 2017,CO2,OAPB,1 w%,,,2% KCl,0.98,,90,,,135
Alzobaidi 2017,CO2,OAPB,1 w%,,,2% KCl,0.95,,90,,,78
Alzobaidi 2017,CO2,OAPB,0.1 w%,,,2% KCl,0.95,,90,,,25
Alzobaidi 2017,CO2,OAPB,0.5 w%,,,2% KCl,0.95,,90,,,65
Alzobaidi 2017,CO2,OAPB,2 w%,,,2% KCl,0.95,,90,,,90
Alzobaidi 2017,CO2,OAPB,3 w%,,,2% KCl,0.95,,90,,,105
Alzobaidi 2017,CO2,OAPB,1 w%,,,2% KCl,0.7,,90,,,10
Alzobaidi 2017,CO2,OAPB,1 w%,,,2% KCl,0.98,,90,,,105
Alzobaidi 2017,CO2,OAPB,1 w%,,,2% KCl,0.7,,90,,,10
Alzobaidi 2017,CO2,OAPB,1 w%,,,2% KCl,0.98,,90,,,90
Alzobaidi 2017,CO2,OAPB,1 w%,,,2% KCl,0.7,,90,,,10
Alzobaidi 2017,CO2,OAPB,1 w%,,,2% KCl,0.98,,90,,,90
Alzobaidi 2017,CO2,OAPB,1 w%,,,2% KCl,0.7,,90,,,10
Alzobaidi 2017,CO2,OAPB,1 w%,,,2% KCl,0.98,,90,,,135
Alzobaidi 2017,CO2,OAPB,1 w%,,,2% KCl,0.98,,90,,,103
Alzobaidi 2017,CO2,OAPB,1 w%,,,2% KCl,0.7,,90,,,10
Alzobaidi 2017,CO2,OAPB,1 w%,,,2% KCl,0.98,,90,,,10
Alzobaidi 2017,CO2,OAPB,1 w%,,,2% KCl,0.8,,90,,,15
Alzobaidi 2017,CO2,OAPB,1 w%,,,2% KCl,0.98,,90,,,40
Alzobaidi 2017,CO2,OAPB,1 w%,,,2% KCl,0.95,,90,,,40
Alzobaidi 2017,CO2,OAPB,1 w%,,,2% KCl,0.98,,90,,,20
Alzobaidi 2017,CO2,OAPB,1 w%,,,API brine (8% NaCl + 2% CaCl2),0.95,,90,,,120.5
Alzobaidi 2017,CO2,OAPB,1 w%,,,SSW,0.95,,90,,,7
Alzobaidi 2017,CO2,OAPB,1 w%,,,SSW,0.98,,90,,,101
Alzobaidi 2017,CO2,OAPB,1 w%,,,DI Water,0.95,,90,,,69
Alzobaidi 2017,CO2,OAPB,1 w%,,,DI Water,0.98,,90,,,76
Harris 1987,N2,HPG,40 lb/1000 gal,,,Water,0.7,1000,167,10,,1050
Harris 1987,N2,HPG,40 lb/1000 gal,,,Water,0.7,1056,212,10,,1030
Harris 1987,N2,HPG,40 lb/1000 gal,,,Water,0.7,1167,302,10,,1000
Harris 1987,N2,HPG,40 lb/1000 gal,,,Water,0.7,1278,392,10,,900
Harris 1987,N2,HPG,40 lb/1000 gal,,,Water,0.7,1389,482,10,,800
Harris 1987,N2,HPG,40 lb/1000 gal,,,Water,0.7,1500,572,10,,650
Harris 1987,N2,HPG,40 lb/1000 gal,,,Water,0.7,1000,167,100,,320
Harris 1987,N2,HPG,40 lb/1000 gal,,,Water,0.7,1056,212,100,,260
Harris 1987,N2,HPG,40 lb/1000 gal,,,Water,0.7,1167,302,100,,220
Harris 1987,N2,HPG,40 lb/1000 gal,,,Water,0.7,1278,392,100,,160
Harris 1987,N2,HPG,40 lb/1000 gal,,,Water,0.7,1389,482,100,,140
Harris 1987,N2,HPG,40 lb/1000 gal,,,Water,0.7,1500,572,100,,120
Harris 1987,N2,HPG,40 lb/1000 gal,,,Water,0.7,1000,167,200,,200
Harris 1987,N2,HPG,40 lb/1000 gal,,,Water,0.7,1056,212,200,,180
Harris 1987,N2,HPG,40 lb/1000 gal,,,Water,0.7,1167,302,200,,150
Harris 1987,N2,HPG,40 lb/1000 gal,,,Water,0.7,1278,392,200,,110
Harris 1987,N2,HPG,40 lb/1000 gal,,,Water,0.7,1389,482,200,,95
Harris 1987,N2,HPG,40 lb/1000 gal,,,Water,0.7,1500,572,200,,75
Harris 1987,N2,HPG,40 lb/1000 gal,,,Water,0.7,1000,167,1000,,80
Harris 1987,N2,HPG,40 lb/1000 gal,,,Water,0.7,1056,212,1000,,70
Harris 1987,N2,HPG,40 lb/1000 gal,,,Water,0.7,1167,302,1000,,55
Harris 1987,N2,HPG,40 lb/1000 gal,,,Water,0.7,1278,392,1000,,45
Harris 1987,N2,HPG,40 lb/1000 gal,,,Water,0.7,1389,482,1000,,38
Harris 1987,N2,HPG,40 lb/1000 gal,,,Water,0.7,1500,572,1000,,30
Harris 1987,N2,HPG,40 lb/1000 gal,,,Water,0.7,1000,167,2000,,55
Harris 1987,N2,HPG,40 lb/1000 gal,,,Water,0.7,1056,212,2000,,45
Harris 1987,N2,HPG,40 lb/1000 gal,,,Water,0.7,1167,302,2000,,40
Harris 1987,N2,HPG,40 lb/1000 gal,,,Water,0.7,1278,392,2000,,32
Harris 1987,N2,HPG,40 lb/1000 gal,,,Water,0.7,1389,482,2000,,25
Harris 1987,N2,HPG,40 lb/1000 gal,,,Water,0.7,1500,572,2000,,22
Harris 1987,N2,HPG,0 lb/1000 gal,,,Water,0.7,1000,392,10,,500
Harris 1987,N2,HPG,20 lb/1000 gal,,,Water,0.7,1125,392,10,,600
Harris 1987,N2,HPG,40 lb/1000 gal,,,Water,0.7,1250,392,10,,900
Harris 1987,N2,HPG,60 lb/1000 gal,,,Water,0.7,1375,392,10,,2000
Harris 1987,N2,HPG,80 lb/1000 gal,,,Water,0.7,1500,392,10,,3500
Harris 1987,N2,HPG,0 lb/1000 gal,,,Water,0.7,1000,392,100,,60
Harris 1987,N2,HPG,20 lb/1000 gal,,,Water,0.7,1125,392,100,,100
Harris 1987,N2,HPG,40 lb/1000 gal,,,Water,0.7,1250,392,100,,170
Harris 1987,N2,HPG,60 lb/1000 gal,,,Water,0.7,1375,392,100,,300
Harris 1987,N2,HPG,80 lb/1000 gal,,,Water,0.7,1500,392,100,,600
Harris 1987,N2,HPG,0 lb/1000 gal,,,Water,0.7,1000,392,200,,35
Harris 1987,N2,HPG,20 lb/1000 gal,,,Water,0.7,1125,392,200,,60
Harris 1987,N2,HPG,40 lb/1000 gal,,,Water,0.7,1250,392,200,,110
Harris 1987,N2,HPG,60 lb/1000 gal,,,Water,0.7,1375,392,200,,200
Harris 1987,N2,HPG,80 lb/1000 gal,,,Water,0.7,1500,392,200,,350
Harris 1987,N2,HPG,0 lb/1000 gal,,,Water,0.7,1000,392,1000,,18
Harris 1987,N2,HPG,20 lb/1000 gal,,,Water,0.7,1125,392,1000,,28
Harris 1987,N2,HPG,40 lb/1000 gal,,,Water,0.7,1250,392,1000,,45
Harris 1987,N2,HPG,60 lb/1000 gal,,,Water,0.7,1375,392,1000,,72
Harris 1987,N2,HPG,80 lb/1000 gal,,,Water,0.7,1500,392,1000,,140
Harris 1987,N2,HPG,0 lb/1000 gal,,,Water,0.7,1000,392,2000,,18
Harris 1987,N2,HPG,20 lb/1000 gal,,,Water,0.7,1125,392,2000,,24
Harris 1987,N2,HPG,40 lb/1000 gal,,,Water,0.7,1250,392,2000,,32
Harris 1987,N2,HPG,60 lb/1000 gal,,,Water,0.7,1375,392,2000,,45
Harris 1987,N2,HPG,80 lb/1000 gal,,,Water,0.7,1500,392,2000,,80
Harris 1987,N2,HPG,0 lb/1000 gal,,,Water,0.7,1000,167,170,,60
Harris 1987,N2,HPG,0 lb/1000 gal,,,Water,0.7,1056,212,170,,55
Harris 1987,N2,HPG,0 lb/1000 gal,,,Water,0.7,1167,302,170,,45
Harris 1987,N2,HPG,0 lb/1000 gal,,,Water,0.7,1278,392,170,,40
Harris 1987,N2,HPG,0 lb/1000 gal,,,Water,0.7,1389,482,170,,40
Harris 1987,N2,HPG,0 lb/1000 gal,,,Water,0.7,1500,572,170,,40
Harris 1987,N2,HPG,20 lb/1000 gal,,,Water,0.7,1000,167,170,,1350
Harris 1987,N2,HPG,40 lb/1000 gal,,,Water,0.7,1056,212,170,,118
Harris 1987,N2,HPG,60 lb/1000 gal,,,Water,0.7,1167,302,170,,85
Harris 1987,N2,HPG,80 lb/1000 gal,,,Water,0.7,1278,392,170,,70
Harris 1987,N2,HPG,20 lb/1000 gal,,,Water,0.7,1389,482,170,,60
Harris 1987,N2,HPG,20 lb/1000 gal,,,Water,0.7,1500,572,170,,50
Harris 1987,N2,HPG,40 lb/1000 gal,,,Water,0.7,1000,167,170,,220
Harris 1987,N2,HPG,40 lb/1000 gal,,,Water,0.7,1056,212,170,,190
Harris 1987,N2,HPG,40 lb/1000 gal,,,Water,0.7,1167,302,170,,150
Harris 1987,N2,HPG,40 lb/1000 gal,,,Water,0.7,1278,392,170,,120
Harris 1987,N2,HPG,40 lb/1000 gal,,,Water,0.7,1389,482,170,,100
Harris 1987,N2,HPG,40 lb/1000 gal,,,Water,0.7,1500,572,170,,90
Harris 1987,N2,HPG,60 lb/1000 gal,,,Water,0.7,100,167,170,,335
Harris 1987,N2,HPG,60 lb/1000 gal,,,Water,0.7,1056,212,170,,300
Harris 1987,N2,HPG,60 lb/1000 gal,,,Water,0.7,1167,302,170,,250
Harris 1987,N2,HPG,60 lb/1000 gal,,,Water,0.7,1278,392,170,,200
Harris 1987,N2,HPG,60 lb/1000 gal,,,Water,0.7,1389,482,170,,170
Harris 1987,N2,HPG,60 lb/1000 gal,,,Water,0.7,1500,572,170,,150
Harris 1987,N2,HPG,40 lb/1000 gal,,,Water,0,1000,167,170,,70
Harris 1987,N2,HPG,40 lb/1000 gal,,,Water,0,1056,212,170,,50
Harris 1987,N2,HPG,40 lb/1000 gal,,,Water,0,1167,302,170,,35
Harris 1987,N2,HPG,40 lb/1000 gal,,,Water,0,1278,392,170,,20
Harris 1987,N2,HPG,40 lb/1000 gal,,,Water,0,1389,482,170,,15
Harris 1987,N2,HPG,40 lb/1000 gal,,,Water,0,1500,572,170,,10
Harris 1987,N2,HPG,40 lb/1000 gal,,,Water,0.2,1000,167,170,,80
Harris 1987,N2,HPG,40 lb/1000 gal,,,Water,0.2,1056,212,170,,70
Harris 1987,N2,HPG,40 lb/1000 gal,,,Water,0.2,1167,302,170,,50
Harris 1987,N2,HPG,40 lb/1000 gal,,,Water,0.2,1278,392,170,,40
Harris 1987,N2,HPG,40 lb/1000 gal,,,Water,0.2,1389,482,170,,35
Harris 1987,N2,HPG,40 lb/1000 gal,,,Water,0.2,1500,572,170,,30
Harris 1987,N2,HPG,40 lb/1000 gal,,,Water,0.4,1000,167,170,,120
Harris 1987,N2,HPG,40 lb/1000 gal,,,Water,0.4,1056,212,170,,100
Harris 1987,N2,HPG,40 lb/1000 gal,,,Water,0.4,1167,302,170,,80
Harris 1987,N2,HPG,40 lb/1000 gal,,,Water,0.4,1278,392,170,,60
Harris 1987,N2,HPG,40 lb/1000 gal,,,Water,0.4,1389,482,170,,50
Harris 1987,N2,HPG,40 lb/1000 gal,,,Water,0.4,1500,572,170,,40
Harris 1987,N2,HPG,40 lb/1000 gal,,,Water,0.6,1000,167,170,,160
Harris 1987,N2,HPG,40 lb/1000 gal,,,Water,0.6,1056,212,170,,140
Harris 1987,N2,HPG,40 lb/1000 gal,,,Water,0.6,1167,302,170,,100
Harris 1987,N2,HPG,40 lb/1000 gal,,,Water,0.6,1278,392,170,,80
Harris 1987,N2,HPG,40 lb/1000 gal,,,Water,0.6,1389,482,170,,70
Harris 1987,N2,HPG,40 lb/1000 gal,,,Water,0.6,1500,572,170,,60
Harris 1987,N2,HPG,40 lb/1000 gal,,,Water,0.8,1000,167,170,,300
Harris 1987,N2,HPG,40 lb/1000 gal,,,Water,0.8,105,212,170,,270
Harris 1987,N2,HPG,40 lb/1000 gal,,,Water,0.8,1167,302,170,,220
Harris 1987,N2,HPG,40 lb/1000 gal,,,Water,0.8,1278,392,170,,200
Harris 1987,N2,HPG,40 lb/1000 gal,,,Water,0.8,1389,482,170,,180
Harris 1987,N2,HPG,40 lb/1000 gal,,,Water,0.8,1500,572,170,,150
Hutchins 2005,N2,Anionic Surfactant,,CMHPG,40 lb/1000 gal,2% KCl,,,,,0,190
Hutchins 2005,N2,Anionic Surfactant,,CMHPG,40 lb/1000 gal,2% KCl,,,,,0,150
Hutchins 2005,CO2,Anionic Surfactant,,CMHPG,40 lb/1000 gal,2% KCl,,,,,0,210
Hutchins 2005,CO2,Anionic Surfactant,,CMHPG,40 lb/1000 gal,2% KCl,,,,,0,130
Hutchins 2005,CO2,Anionic Surfactant,,CMHPG,40 lb/1000 gal,2% KCl,,,,,0,100
Hutchins 2005,CO2,Anionic Surfactant,10 lb/1000 gal,HPG,20 lb/1000 gal,"15 v.% methanol, 2 w% KCl, 2 gal/1000 gal permanent caly",,,,,10,235
Hutchins 2005,CO2,Anionic Surfactant,10 lb/1000 gal,HPG,20 lb/1000 gal,"15 v.% methanol, 2 w% KCl, 2 gal/1000 gal permanent caly",,,,,40,215
Hutchins 2005,CO2,Anionic Surfactant,10 lb/1000 gal,HPG,20 lb/1000 gal,"15 v.% methanol, 2 w% KCl, 2 gal/1000 gal permanent caly",,,,,70,205
Hutchins 2005,CO2,Anionic Surfactant,10 lb/1000 gal,HPG,20 lb/1000 gal,"15 v.% methanol, 2 w% KCl, 2 gal/1000 gal permanent caly",,,,,100,200
Hutchins 2005,CO2,Anionic Surfactant,10 lb/1000 gal,HPG,20 lb/1000 gal,"15 v.% methanol, 2 w% KCl, 2 gal/1000 gal permanent caly",,,,,124,195
Hutchins 2005,CO2,Anionic Surfactant,10 lb/1000 gal,HPG,40 lb/1000 gal,"15 v.% methanol, 2 w% KCl, 2 gal/1000 gal permanent caly",,,,,20,190
Hutchins 2005,CO2,Anionic Surfactant,10 lb/1000 gal,HPG,40 lb/1000 gal,"15 v.% methanol, 2 w% KCl, 2 gal/1000 gal permanent caly",,,,,50,170
Hutchins 2005,CO2,Anionic Surfactant,10 lb/1000 gal,HPG,40 lb/1000 gal,"15 v.% methanol, 2 w% KCl, 2 gal/1000 gal permanent caly",,,,,80,150
Hutchins 2005,CO2,Anionic Surfactant,10 lb/1000 gal,HPG,40 lb/1000 gal,"15 v.% methanol, 2 w% KCl, 2 gal/1000 gal permanent caly",,,,,110,140
Hutchins 2005,CO2,Anionic Surfactant,10 lb/1000 gal,HPG,40 lb/1000 gal,"15 v.% methanol, 2 w% KCl, 2 gal/1000 gal permanent caly",,,,,140,130
Hutchins 2005,CO2,Anionic Surfactant,10 lb/1000 gal,HPG,40 lb/1000 gal,"15 v.% methanol, 2 w% KCl, 2 gal/1000 gal permanent caly",,,,,10,65
Hutchins 2005,CO2,Anionic Surfactant,10 lb/1000 gal,HPG,40 lb/1000 gal,"15 v.% methanol, 2 w% KCl, 2 gal/1000 gal permanent caly",,,,,40,45
Hutchins 2005,CO2,Anionic Surfactant,10 lb/1000 gal,HPG,40 lb/1000 gal,"15 v.% methanol, 2 w% KCl, 2 gal/1000 gal permanent caly",,,,,70,40
Hutchins 2005,CO2,Anionic Surfactant,10 lb/1000 gal,HPG,40 lb/1000 gal,"15 v.% methanol, 2 w% KCl, 2 gal/1000 gal permanent caly",,,,,100,35
Hutchins 2005,CO2,Anionic Surfactant,10 lb/1000 gal,HPG,40 lb/1000 gal,"15 v.% methanol, 2 w% KCl, 2 gal/1000 gal permanent caly",,,,,130,30
Hutchins 2005,CO2,Anionic Surfactant,10 lb/1000 gal,HPG,20 lb/1000 gal,"15 v.% methanol, 2 w% KCl, 2 gal/1000 gal permanent caly",,,,,15,25
Hutchins 2005,CO2,Anionic Surfactant,20 lb/1000 gal,HPG,40 lb/1000 gal,"15 v.% methanol, 2 w% KCl, 2 gal/1000 gal permanent caly",,,,,0,190
Hutchins 2005,CO2,Anionic Surfactant,20 lb/1000 gal,HPG,40 lb/1000 gal,"15 v.% methanol, 2 w% KCl, 2 gal/1000 gal permanent caly",,,,,20,180
Hutchins 2005,CO2,Anionic Surfactant,20 lb/1000 gal,HPG,40 lb/1000 gal,"15 v.% methanol, 2 w% KCl, 2 gal/1000 gal permanent caly",,,,,50,160
Hutchins 2005,CO2,Anionic Surfactant,20 lb/1000 gal,HPG,40 lb/1000 gal,"15 v.% methanol, 2 w% KCl, 2 gal/1000 gal permanent caly",,,,,90,145
Hutchins 2005,CO2,Anionic Surfactant,20 lb/1000 gal,HPG,40 lb/1000 gal,"15 v.% methanol, 2 w% KCl, 2 gal/1000 gal permanent caly",,,,,120,135
Hutchins 2005,CO2,Anionic Surfactant,20 lb/1000 gal,HPG,40 lb/1000 gal,"15 v.% methanol, 2 w% KCl, 2 gal/1000 gal permanent caly",,,,,140,130
Hutchins 2005,N2,Anionic Surfactant,10 lb/1000 gal,HPG,40 lb/1000 gal,"15 v.% methanol, 2 w% KCl, 2 gal/1000 gal permanent caly",,,,,0,150
Hutchins 2005,N2,Anionic Surfactant,10 lb/1000 gal,HPG,40 lb/1000 gal,"15 v.% methanol, 2 w% KCl, 2 gal/1000 gal permanent caly",,,,,45,150
Hutchins 2005,N2,Anionic Surfactant,10 lb/1000 gal,HPG,40 lb/1000 gal,"15 v.% methanol, 2 w% KCl, 2 gal/1000 gal permanent caly",,,,,75,145
Hutchins 2005,N2,Anionic Surfactant,10 lb/1000 gal,HPG,40 lb/1000 gal,"15 v.% methanol, 2 w% KCl, 2 gal/1000 gal permanent caly",,,,,105,140
Hutchins 2005,N2,Anionic Surfactant,10 lb/1000 gal,HPG,40 lb/1000 gal,"15 v.% methanol, 2 w% KCl, 2 gal/1000 gal permanent caly",,,,,135,135
Hutchins 2005,N2,Anionic Surfactant,10 lb/1000 gal,HPG,40 lb/1000 gal,"15 v.% methanol, 2 w% KCl, 2 gal/1000 gal permanent caly",,,,,160,130
Hutchins 2005,N2,Anionic Surfactant,10 lb/1000 gal,HPG,40 lb/1000 gal,"15 v.% methanol, 2 w% KCl, 2 gal/1000 gal permanent caly",,,,,0,125
Hutchins 2005,N2,Anionic Surfactant,10 lb/1000 gal,HPG,40 lb/1000 gal,"15 v.% methanol, 2 w% KCl, 2 gal/1000 gal permanent caly",,,,,30,120
Hutchins 2005,N2,Anionic Surfactant,10 lb/1000 gal,HPG,40 lb/1000 gal,"15 v.% methanol, 2 w% KCl, 2 gal/1000 gal permanent caly",,,,,60,115
Hutchins 2005,N2,Anionic Surfactant,10 lb/1000 gal,HPG,40 lb/1000 gal,"15 v.% methanol, 2 w% KCl, 2 gal/1000 gal permanent caly",,,,,90,105
Hutchins 2005,N2,Anionic Surfactant,10 lb/1000 gal,HPG,40 lb/1000 gal,"15 v.% methanol, 2 w% KCl, 2 gal/1000 gal permanent caly",,,,,120,100
Hutchins 2005,N2,Anionic Surfactant,10 lb/1000 gal,HPG,40 lb/1000 gal,"15 v.% methanol, 2 w% KCl, 2 gal/1000 gal permanent caly",,,,,150,95
Hutchins 2005,CO2,Anionic Surfactant,20 lb/1000 gal,HPG,40 lb/1000 gal,"15 v.% methanol, 2 w% KCl, 2 gal/1000 gal permanent caly",,,,,5,105
Hutchins 2005,CO2,Anionic Surfactant,20 lb/1000 gal,HPG,40 lb/1000 gal,"15 v.% methanol, 2 w% KCl, 2 gal/1000 gal permanent caly",,,,,35,55
Hutchins 2005,CO2,Anionic Surfactant,20 lb/1000 gal,HPG,,"15 v.% methanol, 2 w% KCl, 2 gal/1000 gal permanent caly",,,,,10,270
Hutchins 2005,CO2,Anionic Surfactant,20 lb/1000 gal,HPG,,"15 v.% methanol, 2 w% KCl, 2 gal/1000 gal permanent caly",,,,,40,260
Hutchins 2005,CO2,Anionic Surfactant,20 lb/1000 gal,HPG,,"15 v.% methanol, 2 w% KCl, 2 gal/1000 gal permanent caly",,,,,70,250
Hutchins 2005,CO2,Anionic Surfactant,20 lb/1000 gal,HPG,,"15 v.% methanol, 2 w% KCl, 2 gal/1000 gal permanent caly",,,,,100,240
Hutchins 2005,CO2,Anionic Surfactant,20 lb/1000 gal,HPG,,"15 v.% methanol, 2 w% KCl, 2 gal/1000 gal permanent caly",,,,,130,230
Hutchins 2005,CO2,Anionic Surfactant,20 lb/1000 gal,HPG,,"20 v.% methanol, 2 w% KCl, 2 gal/1000 gal permanent caly",,,,,10,310
Hutchins 2005,CO2,Anionic Surfactant,20 lb/1000 gal,HPG,,"20 v.% methanol, 2 w% KCl, 2 gal/1000 gal permanent caly",,,,,40,280
Hutchins 2005,CO2,Anionic Surfactant,20 lb/1000 gal,HPG,,"20 v.% methanol, 2 w% KCl, 2 gal/1000 gal permanent caly",,,,,70,260
Hutchins 2005,CO2,Anionic Surfactant,20 lb/1000 gal,HPG,,"20 v.% methanol, 2 w% KCl, 2 gal/1000 gal permanent caly",,,,,100,245
Hutchins 2005,CO2,Anionic Surfactant,20 lb/1000 gal,HPG,,"20 v.% methanol, 2 w% KCl, 2 gal/1000 gal permanent caly",,,,,130,230
Hutchins 2005,CO2,Anionic Surfactant,20 lb/1000 gal,HPG,,"25 v.% methanol, 2 w% KCl, 2 gal/1000 gal permanent caly",,,,,10,100
Hutchins 2005,CO2,Anionic Surfactant,20 lb/1000 gal,HPG,,"25 v.% methanol, 2 w% KCl, 2 gal/1000 gal permanent caly",,,,,45,30
Hutchins 2005,CO2,Anionic Surfactant,20 lb/1000 gal,HPG,40 lb/1000 gal,"20 v.% methanol, 2 gal TMAC/1000gal, 2 gal/1000 gal permanent caly",,,,,20,130
Hutchins 2005,CO2,Anionic Surfactant,20 lb/1000 gal,HPG,40 lb/1000 gal,"20 v.% methanol, 2 gal TMAC/1000gal, 2 gal/1000 gal permanent caly",,,,,50,120
Hutchins 2005,CO2,Anionic Surfactant,20 lb/1000 gal,HPG,40 lb/1000 gal,"20 v.% methanol, 2 gal TMAC/1000gal, 2 gal/1000 gal permanent caly",,,,,80,120
Hutchins 2005,CO2,Anionic Surfactant,20 lb/1000 gal,HPG,40 lb/1000 gal,"20 v.% methanol, 2 gal TMAC/1000gal, 2 gal/1000 gal permanent caly",,,,,110,115
Hutchins 2005,CO2,Anionic Surfactant,20 lb/1000 gal,HPG,40 lb/1000 gal,"20 v.% methanol, 2 gal TMAC/1000gal, 2 gal/1000 gal permanent caly",,,,,140,110
Hutchins 2005,CO2,Anionic Surfactant,20 lb/1000 gal,HPG,40 lb/1000 gal,"20 v.% methanol, 2 w% KCl",,,,,15,60
Hutchins 2005,CO2,Anionic Surfactant,20 lb/1000 gal,HPG,40 lb/1000 gal,"20 v.% methanol, 2 w% KCl",,,,,45,30
Hutchins 2005,CO2,Anionic Surfactant,20 lb/1000 gal,HPG,40 lb/1000 gal,"20 v.% methanol, 2 w% KCl, 1 gal/1000 gal permanent caly",,,,,10,200
Hutchins 2005,CO2,Anionic Surfactant,20 lb/1000 gal,HPG,40 lb/1000 gal,"20 v.% methanol, 2 w% KCl, 1 gal/1000 gal permanent caly",,,,,25,75
Hutchins 2005,CO2,Anionic Surfactant,20 lb/1000 gal,HPG,40 lb/1000 gal,"20 v.% methanol, 2 w% KCl, 2 gal/1000 gal permanent caly",,,,,1,175
Hutchins 2005,CO2,Anionic Surfactant,20 lb/1000 gal,HPG,40 lb/1000 gal,"20 v.% methanol, 2 w% KCl, 2 gal/1000 gal permanent caly",,,,,30,150
Hutchins 2005,CO2,Anionic Surfactant,20 lb/1000 gal,HPG,40 lb/1000 gal,"20 v.% methanol, 2 w% KCl, 2 gal/1000 gal permanent caly",,,,,45,140
Hutchins 2005,CO2,Anionic Surfactant,20 lb/1000 gal,HPG,40 lb/1000 gal,"20 v.% methanol, 2 w% KCl, 2 gal/1000 gal permanent caly",,,,,60,135
Hutchins 2005,CO2,Anionic Surfactant,20 lb/1000 gal,HPG,40 lb/1000 gal,"20 v.% methanol, 2 w% KCl, 2 gal/1000 gal permanent caly",,,,,90,130
Hutchins 2005,CO2,Anionic Surfactant,20 lb/1000 gal,HPG,40 lb/1000 gal,"20 v.% methanol, 2 w% KCl, 2 gal/1000 gal permanent caly",,,,,135,125
Hutchins 2005,CO2,Anionic Surfactant,20 lb/1000 gal,HPG,40 lb/1000 gal,"20 v.% methanol, 6 w% KCl, 2 gal/1000 gal permanent caly",,,,,10,160
Hutchins 2005,CO2,Anionic Surfactant,20 lb/1000 gal,HPG,40 lb/1000 gal,"20 v.% methanol, 6 w% KCl, 2 gal/1000 gal permanent caly",,,,,40,130
Hutchins 2005,CO2,Anionic Surfactant,20 lb/1000 gal,HPG,40 lb/1000 gal,"20 v.% methanol, 6 w% KCl, 2 gal/1000 gal permanent caly",,,,,70,115
Hutchins 2005,CO2,Anionic Surfactant,20 lb/1000 gal,HPG,40 lb/1000 gal,"20 v.% methanol, 6 w% KCl, 2 gal/1000 gal permanent caly",,,,,110,110
Hutchins 2005,CO2,Anionic Surfactant,20 lb/1000 gal,HPG,40 lb/1000 gal,"20 v.% methanol, 6 w% KCl, 2 gal/1000 gal permanent caly",,,,,135,105
"Chen, Y. 2016b",CO2,C10N(CH3)3Br,1 w%,,,22% TDS (total dissolved solid) brine,0.9,,120,,,5
"Chen, Y. 2016b",CO2,C12N(CH3)3Cl,1 w%,,,22% TDS (total dissolved solid) brine,0.95,,120,,,1.5
"Chen, Y. 2016b",CO2,C12−14N(CH3)3Cl,1 w%,,,22% TDS (total dissolved solid) brine,0.9,3400,120,,,15
"Chen, Y. 2016b",CO2,C12−14N(CH3)3Cl,1 w%,,,22% TDS (total dissolved solid) brine,0.9,,50,,,12
"Chen, Y. 2016b",CO2,C12−14N(CH3)3Cl,1 w%,,,22% TDS (total dissolved solid) brine,0.9,,90,,,
"Chen, Y. 2016b",CO2,C12−14N(CH3)3Cl,1 w%,,,22% TDS (total dissolved solid) brine,0.9,,120,,,
"Chen, Y. 2016b",CO2,C12−14N(CH3)3Cl,1 w%,,,22% TDS (total dissolved solid) brine,0.9,3400,50,,,25
"Chen, Y. 2016b",CO2,C12−14N(CH3)3Cl,1 w%,,,22% TDS (total dissolved solid) brine,0.9,,90,,,
"Chen, Y. 2016b",CO2,C12−14N(CH3)3Cl,1 w%,,,22% TDS (total dissolved solid) brine,0.9,,120,,,
"Chen, Y. 2016b",CO2,C12−14N(CH3)3Cl,1 w%,,,22% TDS (total dissolved solid) brine,0.5,,120,,,
"Chen, Y. 2016b",CO2,C12−14N(CH3)3Cl,1 w%,,,22% TDS (total dissolved solid) brine,0.95,,120,,,
"Chen, Y. 2016b",CO2,C12−14N(CH3)3Cl,1 w%,,,22% TDS (total dissolved solid) brine,0.5,,120,,,
"Chen, Y. 2016b",CO2,C12−14N(CH3)3Cl,1 w%,,,22% TDS (total dissolved solid) brine,0.95,,120,,,
"Chen, Y. 2016b",CO2,C12−14N(CH3)3Cl,0.1 w%,,,22% TDS (total dissolved solid) brine,0.9,,120,,,
"Chen, Y. 2016b",CO2,C12−14N(CH3)3Cl,0.2 w%,,,22% TDS (total dissolved solid) brine,0.9,,120,,,
"Chen, Y. 2016b",CO2,C12−14N(CH3)3Cl,0.5 w%,,,22% TDS (total dissolved solid) brine,0.9,,120,,,0
"Chen, Y. 2016b",CO2,C12−14N(CH3)3Cl,1 w%,,,22% TDS (total dissolved solid) brine,0.9,,120,,,4
"Chen, Y. 2016b",CO2,C12−14N(CH3)3Cl,0.1 w%,,,22% TDS (total dissolved solid) brine,0.9,,120,,,8.2
"Chen, Y. 2016b",CO2,C12−14N(CH3)3Cl,0.2 w%,,,22% TDS (total dissolved solid) brine,0.9,,120,,,22
"Chen, Y. 2016b",CO2,C12−14N(CH3)3Cl,0.5 w%,,,22% TDS (total dissolved solid) brine,0.9,,120,,,9
"Chen, Y. 2016b",CO2,C12−14N(CH3)3Cl,1 w%,,,22% TDS (total dissolved solid) brine,0.9,,120,,,8.2
Thakore 2020,N2,AOS,1 w%,,,DI Water,,10,20,,0,10
Thakore 2020,N2,AOS,1 w%,,,DI Water,,10,20,,51,10
Thakore 2020,N2,AOS,1 w%,,,DI Water,,10,20,,61,10
Thakore 2020,N2,AOS,1 w%,,,DI Water,,10,20,,75,10
Thakore 2020,N2,AOS,1 w%,,,DI Water,,10,20,,105,10
Thakore 2020,N2,AOS,1 w%,,,DI Water,,10,90,,0,10
Thakore 2020,N2,AOS,1 w%,,,DI Water,,10,90,,12,10
Thakore 2020,N2,AOS,1 w%,,,DI Water,,10,90,,25,10
Thakore 2020,N2,AOS,1 w%,,,DI Water,,10,90,,34,10
Thakore 2020,N2,AOS,1 w%,,,DI Water,,10,90,,48,10
Thakore 2020,N2,AOS,1 w%,,,DI Water,,10,100,,0,10
Thakore 2020,N2,AOS,1 w%,,,DI Water,,10,100,,0.1,10
Thakore 2020,N2,AOS,1 w%,,,DI Water,,10,100,,0.5,10
Thakore 2020,N2,AOS,1 w%,,,DI Water,,10,100,,0.79,10
Thakore 2020,N2,AOS,1 w%,,,DI Water,,10,100,,0.9,10
Thakore 2020,N2,AOS,1 w%,,,DI Water,,10,100,,0.45,10
Thakore 2020,N2,AOS,1 w%,,,DI Water,,100,100,,15,10
Thakore 2020,N2,AOS,1 w%,,,DI Water,,100,120,,4,10
Thakore 2020,N2,AOS,1 w%,,,DI Water,,100,150,,1.5,10
Thakore 2020,N2,AOS,1 w%,,,DI Water,,100,180,,0.5,10
Thakore 2020,N2,AOS,1 w%,,,DI Water,,100,200,,0.46,10
Thakore 2020,N2,AOS,1 w%,,,DI Water,,150,100,,17.5,10
Thakore 2020,N2,AOS,1 w%,,,DI Water,,150,200,,0.75,10
Thakore 2020,N2,AOS,1 w%,,,DI Water,,200,100,,22.5,10
Thakore 2020,N2,AOS,1 w%,,,DI Water,,200,200,,1.25,10
Thakore 2020,N2,AOS,1 w%,,,DI Water,,250,100,,30,10
Thakore 2020,N2,AOS,1 w%,,,DI Water,,250,200,,2,10
Thakore 2020,N2,AOS,1 w%,,,DI Water,,300,100,,40,10
Thakore 2020,N2,AOS,1 w%,,,DI Water,,300,200,,2.65,10
Thakore 2020,N2,AOS,1 w%,,,DI Water,,350,100,,50,10
Thakore 2020,N2,AOS,1 w%,,,DI Water,,350,200,,3.5,10
Thakore 2020,N2,AOS,1 w%,,,DI Water,,400,100,,75,10
Thakore 2020,N2,AOS,1 w%,Guar,0.36 w%,DI Water,,10,20,,0,10
Thakore 2020,N2,AOS,1 w%,Guar,0.36 w%,DI Water,,10,20,,26,200
Thakore 2020,N2,AOS,1 w%,Guar,0.36 w%,DI Water,,10,20,,72,200
Thakore 2020,N2,AOS,1 w%,Guar,0.36 w%,DI Water,,10,20,,84,200
Thakore 2020,N2,AOS,1 w%,Guar,0.36 w%,DI Water,,10,20,,120,200
Thakore 2020,N2,AOS,1 w%,Guar,0.36 w%,DI Water,,10,90,,0,200
Thakore 2020,N2,AOS,1 w%,Guar,0.36 w%,DI Water,,10,90,,0.33,200
Thakore 2020,N2,AOS,1 w%,Guar,0.36 w%,DI Water,,10,90,,1,200
Thakore 2020,N2,AOS,1 w%,Guar,0.36 w%,DI Water,,10,90,,1.9,200
Thakore 2020,N2,AOS,1 w%,Guar,0.36 w%,DI Water,,10,90,,2.4,200
Thakore 2020,N2,AOS,1 w%,Guar,0.36 w%,DI Water,,10,100,,0,200
Thakore 2020,N2,AOS,1 w%,Guar,0.36 w%,DI Water,,10,100,,0.2,200
Thakore 2020,N2,AOS,1 w%,Guar,0.36 w%,DI Water,,10,100,,1,200
Thakore 2020,N2,AOS,1 w%,Guar,0.36 w%,DI Water,,10,100,,1.3,200
Thakore 2020,N2,AOS,1 w%,Guar,0.36 w%,DI Water,,10,100,,1.9,200
Thakore 2020,N2,AOS,1 w%,Guar,0.36 w%,DI Water,,10,120,,0,200
Thakore 2020,N2,AOS,1 w%,Guar,0.36 w%,DI Water,,10,120,,0.1,200
Thakore 2020,N2,AOS,1 w%,Guar,0.36 w%,DI Water,,10,120,,0.2,200
Thakore 2020,N2,AOS,1 w%,Guar,0.36 w%,DI Water,,10,120,,0.26,200
Thakore 2020,N2,AOS,1 w%,Guar,0.36 w%,DI Water,,10,120,,0.3,200
Thakore 2020,N2,AOS,1 w%,Guar,0.36 w%,DI Water,,10,150,,0,200
Thakore 2020,N2,AOS,1 w%,Guar,0.36 w%,DI Water,,10,150,,0.05,200
Thakore 2020,N2,AOS,1 w%,Guar,0.36 w%,DI Water,,10,150,,0.08,200
Thakore 2020,N2,AOS,1 w%,Guar,0.36 w%,DI Water,,10,150,,0.13,200
Thakore 2020,N2,AOS,1 w%,Guar,0.36 w%,DI Water,,10,150,,0.2,200
Thakore 2020,N2,AOS,1 w%,Guar,0.36 w%,DI Water,,10,100,,0.95,200
Thakore 2020,N2,AOS,1 w%,Guar,0.36 w%,DI Water,,10,120,,0.75,200
Thakore 2020,N2,AOS,1 w%,Guar,0.36 w%,DI Water,,10,150,,0.15,200
Thakore 2020,N2,AOS,1 w%,Guar,0.36 w%,DI Water,,10,180,,0.065,200
Thakore 2020,N2,AOS,1 w%,Guar,0.36 w%,DI Water,,10,200,,0,200
Thakore 2020,N2,AOS,1 w%,Guar,0.36 w%,DI Water,,100,100,,9,200
Thakore 2020,N2,AOS,1 w%,Guar,0.36 w%,DI Water,,100,120,,8,200
Thakore 2020,N2,AOS,1 w%,Guar,0.36 w%,DI Water,,100,150,,2,200
Thakore 2020,N2,AOS,1 w%,Guar,0.36 w%,DI Water,,100,180,,1.5,200
Thakore 2020,N2,AOS,1 w%,Guar,0.36 w%,DI Water,,100,200,,0.7,200
Thakore 2020,N2,AOS,1 w%,Guar,0.36 w%,DI Water,,150,200,,1.15,200
Thakore 2020,N2,AOS,1 w%,Guar,0.36 w%,DI Water,,200,100,,40,200
Thakore 2020,N2,AOS,1 w%,Guar,0.36 w%,DI Water,,200,200,,1.6,200
Thakore 2020,N2,AOS,1 w%,Guar,0.36 w%,DI Water,,250,200,,2.25,200
Thakore 2020,N2,AOS,1 w%,Guar,0.36 w%,DI Water,,300,200,,3,200
Thakore 2020,N2,AOS,1 w%,Guar,0.36 w%,DI Water,,350,200,,3.75,200
Thakore 2020,N2,AOS,1 w%,Guar,0.36 w%,DI Water,,400,180,,7,200
Thakore 2020,N2,AOS,1 w%,Guar,0.36 w%,DI Water,,400,200,,4.65,200
Harris 1995,N2,Anionic Surfactant,,,,Water,,,20,,46,
Harris 1995,N2,Anionic Surfactant,,,,Water,,,20,,49,
Harris 1995,N2,Anionic Surfactant,,,,Water,,,20,,45,
Harris 1995,CO2,Anionic Surfactant,,,,Water,,,20,,235,
Harris 1995,CO2,Anionic Surfactant,,,,Water,,,20,,220,
Harris 1995,CO2,Anionic Surfactant,,,,Water,,,20,,205,
Harris 1995,CO2,Anionic Surfactant,,,,Water,,,50,,220,
Harris 1995,N2,Anionic Surfactant,,CMHPG,0.36 w%,Water,,,20,,295,
Harris 1995,N2,Anionic Surfactant,,CMHPG,0.36 w%,Water,,,50,,300,
Harris 1995,N2,Anionic Surfactant,,CMHPG,0.36 w%,Water,,,20,,165,
Harris 1995,N2,Anionic Surfactant,,CMHPG,0.36 w%,Water,,,50,,300,
Harris 1995,CO2,Anionic Surfactant,,CMHPG,0.36 w%,Water,,,20,,1130,
Harris 1995,CO2,Anionic Surfactant,,CMHPG,0.36 w%,Water,,,50,,1110,
Harris 1995,N2,Anionic Surfactant,,CMHPG,0.36 w%,Water,,,150,,165,
Harris 1995,CO2,Anionic Surfactant,,CMHPG,0.36 w%,Water,,,20,,1700,
Harris 1995,CO2,Anionic Surfactant,,CMHPG,0.36 w%,Water,,,50,,1914,
Harris 1995,N2,Anionic Surfactant,,CMHPG,0.36 w%,Water,,,20,,420,
Harris 1995,CO2,Anionic Surfactant,,CMHPG,0.36 w%,Water,,,20,,2525,
Harris 1995,CO2,Anionic Surfactant,,CMHPG,0.36 w%,Water,,,50,,2635,
Harris 1995,N2,Anionic Surfactant,,CMHPG,0.36 w%,Water,,,20,,1330,
Harris 1995,N2,Anionic Surfactant,,,,Water,,,90,,38,
Harris 1995,N2,Anionic Surfactant,,CMHPG,0.36 w%,Water,,,150,,175,
Harris 1995,N2,Anionic Surfactant,,,,Water,,,150,,17,
Harris 1995,N2,Anionic Surfactant,,CMHPG,0.36 w%,Water,,,150,,165,
Zhang 2019,CO2,AOS,0.5 w%,,,Water + NaCL,0.7,2300,50,,120,
Zhang 2019,CO2,AOS,0.5 w%,,,Water + NaCL,0.7,2300,70,,80,
Zhang 2019,CO2,AOS,0.5 w%,,,Water + NaCL,0.7,2300,90,,30,
Zhang 2019,CO2,AOS,0.5 w%,,,Water + NaCL,0.7,1400,50,,60,
Zhang 2019,CO2,AOS,0.5 w%,,,Water + NaCL,0.7,2100,50,,120,
Zhang 2019,CO2,AOS,0.5 w%,,,Water + NaCL,0.7,2600,50,,160,
Zhang 2019,CO2,AOS,0.5 w%,,,Water + NaCL,0.7,2900,50,,200,
Tyrode 2003,N2,FSD (cationic),0.3 w%,,,Water,,,40,,500,
Tyrode 2003,N2,FSD (cationic),0.3 w%,,,Water,,,50,,330,
Tyrode 2003,N2,FSD (cationic),0.3 w%,,,Water,,,60,,110,
Tyrode 2003,N2,FSD (cationic),0.3 w%,,,Water,,,70,,90,
Tyrode 2003,N2,FSD (cationic),0.3 w%,,,Water,,,80,,60,
Tyrode 2003,N2,FSD (cationic),75% of 0.3 w%,FSN (nonionic),25% of 0.3 w%,Water,,,20,,615,
Tyrode 2003,N2,FSD (cationic),75% of 0.3 w%,FSN (nonionic),25% of 0.3 w%,Water,,,30,,1400,
Tyrode 2003,N2,FSD (cationic),75% of 0.3 w%,FSN (nonionic),25% of 0.3 w%,Water,,,40,,1400,
Tyrode 2003,N2,FSD (cationic),75% of 0.3 w%,FSN (nonionic),25% of 0.3 w%,Water,,,50,,180,
Tyrode 2003,N2,FSD (cationic),75% of 0.3 w%,FSN (nonionic),25% of 0.3 w%,Water,,,60,,80,
Tyrode 2003,N2,FSD (cationic),75% of 0.3 w%,FSN (nonionic),25% of 0.3 w%,Water,,,70,,50,
Tyrode 2003,N2,FSD (cationic),75% of 0.3 w%,FSN (nonionic),25% of 0.3 w%,Water,,,80,,50,
Tyrode 2003,N2,FSD (cationic),50% of 0.3 w%,FSN (nonionic),50% of 0.3 w%,Water,,,20,,415,
Tyrode 2003,N2,FSD (cationic),50% of 0.3 w%,FSN (nonionic),50% of 0.3 w%,Water,,,30,,265,
Tyrode 2003,N2,FSD (cationic),50% of 0.3 w%,FSN (nonionic),50% of 0.3 w%,Water,,,40,,70,
Tyrode 2003,N2,FSD (cationic),50% of 0.3 w%,FSN (nonionic),50% of 0.3 w%,Water,,,50,,60,
Tyrode 2003,N2,FSN (nonionic),75% of 0.3 w%,FSD (cationic),25% of 0.3 w%,Water,,,20,,540,
Tyrode 2003,N2,FSN (nonionic),75% of 0.3 w%,FSD (cationic),25% of 0.3 w%,Water,,,30,,160,
Tyrode 2003,N2,FSN (nonionic),75% of 0.3 w%,FSD (cationic),25% of 0.3 w%,Water,,,40,,60,
Tyrode 2003,N2,FSN (nonionic),75% of 0.3 w%,FSD (cationic),25% of 0.3 w%,Water,,,50,,50,
Tyrode 2003,N2,FSN (nonionic),100% of 0.3 w%,,,Water,,,20,,230,
Tyrode 2003,N2,FSN (nonionic),100% of 0.3 w%,,,Water,,,30,,170,
Tyrode 2003,N2,FSN (nonionic),100% of 0.3 w%,,,Water,,,40,,160,
Tyrode 2003,N2,FSN (nonionic),100% of 0.3 w%,,,Water,,,50,,390,
Tyrode 2003,N2,FSN (nonionic),100% of 0.3 w%,,,Water,,,60,,150,
Tyrode 2003,N2,FSN (nonionic),100% of 0.3 w%,,,Water,,,70,,120,
Tyrode 2003,N2,FSN (nonionic),100% of 0.3 w%,,,Water,,,80,,50,
Yanqing Wang 2017,CO2,NP-7,1.5 w%,,,Brine Water,,725,45,,6,
Yanqing Wang 2017,CO2,NP-7,1.5 w%,,,Brine Water,,725,50,,2,
Yanqing Wang 2017,CO2,NP-7,1.5 w%,,,Brine Water,,725,60,,0,
Yanqing Wang 2017,CO2,NP-10,1.5 w%,,,Brine Water,,725,45,,10,
Yanqing Wang 2017,CO2,NP-10,1.5 w%,,,Brine Water,,725,50,,7,
Yanqing Wang 2017,CO2,NP-10,1.5 w%,,,Brine Water,,725,60,,2,
Yanqing Wang 2017,CO2,NP-10,1.5 w%,,,Brine Water,,725,70,,1,
Yanqing Wang 2017,CO2,NP-10,1.5 w%,,,Brine Water,,725,80,,0,
Yanqing Wang 2017,CO2,NP-15,1.5 w%,,,Brine Water,,725,45,,32,
Yanqing Wang 2017,CO2,NP-15,1.5 w%,,,Brine Water,,725,50,,17,
Yanqing Wang 2017,CO2,NP-15,1.5 w%,,,Brine Water,,725,60,,3,
Yanqing Wang 2017,CO2,NP-15,1.5 w%,,,Brine Water,,725,70,,1,
Yanqing Wang 2017,CO2,NP-15,1.5 w%,,,Brine Water,,725,80,,0,
Yanqing Wang 2017,CO2,NP-21,1.5 w%,,,Brine Water,,725,20,,40,
Yanqing Wang 2017,CO2,NP-21,1.5 w%,,,Brine Water,,725,45,,38,
Yanqing Wang 2017,CO2,NP-21,1.5 w%,,,Brine Water,,725,50,,24,
Yanqing Wang 2017,CO2,NP-21,1.5 w%,,,Brine Water,,725,60,,12,
Yanqing Wang 2017,CO2,NP-21,1.5 w%,,,Brine Water,,725,70,,8,
Yanqing Wang 2017,CO2,NP-21,1.5 w%,,,Brine Water,,725,80,,3,
Yanqing Wang 2017,CO2,NP-21,1.5 w%,,,Brine Water,,725,90,,0,
Yanqing Wang 2017,CO2,NP-15-H,1.5 w%,,,Brine Water,,725,60,,23,
Yanqing Wang 2017,CO2,NP-15-H,1.5 w%,,,Brine Water,,725,80,,11,
Yanqing Wang 2017,CO2,NP-15-H,1.5 w%,,,Brine Water,,725,100,,3,
Yanqing Wang 2017,CO2,NP-21-H,1.5 w%,,,Brine Water,,725,60,,31,
Yanqing Wang 2017,CO2,NP-21-H,1.5 w%,,,Brine Water,,725,80,,17,
Yanqing Wang 2017,CO2,NP-21-H,1.5 w%,,,Brine Water,,725,100,,13,
Yanqing Wang 2017,CO2,SDS,1.5 w%,,,Brine Water,,725,60,,14,
Yanqing Wang 2017,CO2,SDS,1.5 w%,,,Brine Water,,725,80,,14,
Yanqing Wang 2017,CO2,SDS,1.5 w%,,,Brine Water,,725,100,,13,
Yanqing Wang 2017,CO2,SDS,1.5 w%,,,Brine Water,,725,120,,7,
Yanqing Wang 2017,CO2,SDS',1.5 w%,,,Brine Water,,725,60,,55,
Yanqing Wang 2017,CO2,SDS',1.5 w%,,,Brine Water,,725,80,,53,
Yanqing Wang 2017,CO2,SDS',1.5 w%,,,Brine Water,,725,100,,52,
Yanqing Wang 2017,CO2,SDS',1.5 w%,,,Brine Water,,725,120,,51,
Yanqing Wang 2017,CO2,SDBS,1.5 w%,,,Brine Water,,725,60,,105,
Yanqing Wang 2017,CO2,SDBS,1.5 w%,,,Brine Water,,725,80,,87,
Yanqing Wang 2017,CO2,SDBS,1.5 w%,,,Brine Water,,725,100,,73,
Yanqing Wang 2017,CO2,SDBS,1.5 w%,,,Brine Water,,725,120,,66,
Yanqing Wang 2017,CO2,NP-10,1.5 w%,,,Brine Water,,725,60,,10,
Yanqing Wang 2017,CO2,NP-10,1.5 w%,,,Brine Water,,870,60,,11,
Yanqing Wang 2017,CO2,NP-10,1.5 w%,,,Brine Water,,1160,60,,13,
Yanqing Wang 2017,CO2,NP-10,1.5 w%,,,Brine Water,,1450,60,,21,
Yanqing Wang 2017,CO2,NP-10,1.5 w%,,,Brine Water,,1740,60,,47,
Yanqing Wang 2017,CO2,NP-10,1.5 w%,,,Brine Water,,2030,60,,61,
Yanqing Wang 2017,CO2,NP-15,1.5 w%,,,Brine Water,,725,60,,4,
Yanqing Wang 2017,CO2,NP-15,1.5 w%,,,Brine Water,,870,60,,3,
Yanqing Wang 2017,CO2,NP-15,1.5 w%,,,Brine Water,,1160,60,,2,
Yanqing Wang 2017,CO2,NP-15,1.5 w%,,,Brine Water,,1450,60,,1,
Yanqing Wang 2017,CO2,NP-15,1.5 w%,,,Brine Water,,1740,60,,0,
Yanqing Wang 2017,CO2,NP-21,1.5 w%,,,Brine Water,,725,60,,4,
Yanqing Wang 2017,CO2,NP-21,1.5 w%,,,Brine Water,,870,60,,2,
Yanqing Wang 2017,CO2,NP-21,1.5 w%,,,Brine Water,,1160,60,,1,
Yanqing Wang 2017,CO2,NP-21,1.5 w%,,,Brine Water,,1450,60,,0,
Yanqing Wang 2017,CO2,SDS,1.5 w%,,,Brine Water,,725,60,,14,
Yanqing Wang 2017,CO2,SDS,1.5 w%,,,Brine Water,,870,60,,15,
Yanqing Wang 2017,CO2,SDS,1.5 w%,,,Brine Water,,1160,60,,16,
Yanqing Wang 2017,CO2,SDS,1.5 w%,,,Brine Water,,1450,60,,36,
Yanqing Wang 2017,CO2,SDS,1.5 w%,,,Brine Water,,1740,60,,48,
Yanqing Wang 2017,CO2,SDS,1.5 w%,,,Brine Water,,2030,60,,81,
Yanqing Wang 2017,CO2,SDS',1.5 w%,,,Brine Water,,725,60,,22,
Yanqing Wang 2017,CO2,SDS',1.5 w%,,,Brine Water,,870,60,,23,
Yanqing Wang 2017,CO2,SDS',1.5 w%,,,Brine Water,,1160,60,,24,
Yanqing Wang 2017,CO2,SDS',1.5 w%,,,Brine Water,,1450,60,,61,
Yanqing Wang 2017,CO2,SDS',1.5 w%,,,Brine Water,,1740,60,,91,
Yanqing Wang 2017,CO2,SDS',1.5 w%,,,Brine Water,,2030,60,,105,
Yanqing Wang 2017,CO2,SDBS,1.5 w%,,,Brine Water,,725,60,,18,
Yanqing Wang 2017,CO2,SDBS,1.5 w%,,,Brine Water,,870,60,,19,
Yanqing Wang 2017,CO2,SDBS,1.5 w%,,,Brine Water,,1160,60,,29,
Yanqing Wang 2017,CO2,SDBS,1.5 w%,,,Brine Water,,1450,60,,18,
Yanqing Wang 2017,CO2,SDBS,1.5 w%,,,Brine Water,,1740,60,,17,
Yanqing Wang 2017,CO2,SDBS,1.5 w%,,,Brine Water,,2030,60,,18,
Yanqing Wang 2017,CO2,SDS,1.5 w%,,,Brine Water,,870,100,,8,
Yanqing Wang 2017,CO2,SDS,1.5 w%,,,Brine Water,,1160,100,,9,
Yanqing Wang 2017,CO2,SDS,1.5 w%,,,Brine Water,,1450,100,,40,
Yanqing Wang 2017,CO2,SDS,1.5 w%,,,Brine Water,,1740,100,,50,
Yanqing Wang 2017,CO2,SDS,1.5 w%,,,Brine Water,,2030,100,,75,
Yanqing Wang 2017,N2,SDS,1.5 w%,,,Brine Water,,870,100,,100,
Yanqing Wang 2017,N2,SDS,1.5 w%,,,Brine Water,,1160,100,,140,
Yanqing Wang 2017,N2,SDS,1.5 w%,,,Brine Water,,1450,100,,155,
Yanqing Wang 2017,N2,SDS,1.5 w%,,,Brine Water,,1740,100,,175,
Yanqing Wang 2017,N2,SDS,1.5 w%,,,Brine Water,,2030,100,,210,
Yanqing Wang 2017,CO2,APG-1214,1 w%,,,Brine Water,,870,60,,110,
Yanqing Wang 2017,CO2,APG-1214,1 w%,,,Brine Water,,870,80,,75,
Yanqing Wang 2017,CO2,APG-1214,1 w%,,,Brine Water,,870,100,,35,
Yanqing Wang 2017,CO2,APG-1214,1 w%,,,Brine Water,,870,120,,25,
Yanqing Wang 2017,CO2,APG-1214,1 w%,,,Brine Water,,725,100,,50,
Yanqing Wang 2017,CO2,APG-1214,1 w%,,,Brine Water,,1232.5,100,,110,
Yanqing Wang 2017,CO2,APG-1214,1 w%,,,Brine Water,,1450,100,,145,
Yanqing Wang 2017,CO2,APG-1214,1 w%,,,Brine Water,,1740,100,,155,
Yanqing Wang 2017,CO2,APG-1214,1 w%,,,Brine Water,,2175,100,,170,
Thakore 2021,N2,AOS,1 w%,,,DI Water,,10,100,,0.45,
Thakore 2021,N2,AOS,1 w%,,,DI Water,,100,100,,15,
Thakore 2021,N2,AOS,1 w%,,,DI Water,,100,120,,4,
Thakore 2021,N2,AOS,1 w%,,,DI Water,,100,150,,1.5,
Thakore 2021,N2,AOS,1 w%,,,DI Water,,100,180,,0.5,
Thakore 2021,N2,AOS,1 w%,,,DI Water,,100,200,,0.46,
Thakore 2021,N2,AOS,1 w%,,,DI Water,,150,100,,17.5,
Thakore 2021,N2,AOS,1 w%,,,DI Water,,150,120,,7.5,
Thakore 2021,N2,AOS,1 w%,,,DI Water,,150,150,,3.2,
Thakore 2021,N2,AOS,1 w%,,,DI Water,,150,180,,1,
Thakore 2021,N2,AOS,1 w%,,,DI Water,,150,200,,0.75,
Thakore 2021,N2,AOS,1 w%,,,DI Water,,200,100,,22.5,
Thakore 2021,N2,AOS,1 w%,,,DI Water,,200,120,,12.5,
Thakore 2021,N2,AOS,1 w%,,,DI Water,,200,150,,4,
Thakore 2021,N2,AOS,1 w%,,,DI Water,,200,180,,2,
Thakore 2021,N2,AOS,1 w%,,,DI Water,,200,200,,1,
Thakore 2021,N2,AOS,1 w%,,,DI Water,,250,100,,30,
Thakore 2021,N2,AOS,1 w%,,,DI Water,,250,120,,16.5,
Thakore 2021,N2,AOS,1 w%,,,DI Water,,250,150,,4.8,
Thakore 2021,N2,AOS,1 w%,,,DI Water,,250,180,,3.35,
Thakore 2021,N2,AOS,1 w%,,,DI Water,,250,200,,1.3,
Thakore 2021,N2,AOS,1 w%,,,DI Water,,300,100,,40,
Thakore 2021,N2,AOS,1 w%,,,DI Water,,300,120,,20,
Thakore 2021,N2,AOS,1 w%,,,DI Water,,300,150,,5,
Thakore 2021,N2,AOS,1 w%,,,DI Water,,300,180,,4,
Thakore 2021,N2,AOS,1 w%,,,DI Water,,300,200,,1.5,
Thakore 2021,N2,AOS,1 w%,,,DI Water,,350,100,,57.5,
Thakore 2021,N2,AOS,1 w%,,,DI Water,,350,120,,25,
Thakore 2021,N2,AOS,1 w%,,,DI Water,,350,150,,5.6,
Thakore 2021,N2,AOS,1 w%,,,DI Water,,350,180,,4.5,
Thakore 2021,N2,AOS,1 w%,,,DI Water,,350,200,,1.8,
Thakore 2021,N2,AOS,1 w%,,,DI Water,,400,100,,80,
Thakore 2021,N2,AOS,1 w%,,,DI Water,,400,120,,30,
Thakore 2021,N2,AOS,1 w%,,,DI Water,,400,150,,6,
Thakore 2021,N2,AOS,1 w%,,,DI Water,,400,180,,5,
Thakore 2021,N2,AOS,1 w%,,,DI Water,,400,200,,2,
Thakore 2021,N2,SDS,1 w%,,,DI Water,,100,100,,6,
Thakore 2021,N2,SDS,1 w%,,,DI Water,,100,120,,3.6,
Thakore 2021,N2,SDS,1 w%,,,DI Water,,100,150,,1,
Thakore 2021,N2,SDS,1 w%,,,DI Water,,100,180,,0.3,
Thakore 2021,N2,SDS,1 w%,,,DI Water,,100,200,,0.13,
Thakore 2021,N2,SDS,1 w%,,,DI Water,,150,100,,8.4,
Thakore 2021,N2,SDS,1 w%,,,DI Water,,150,120,,4,
Thakore 2021,N2,SDS,1 w%,,,DI Water,,150,150,,1.5,
Thakore 2021,N2,SDS,1 w%,,,DI Water,,150,180,,0.5,
Thakore 2021,N2,SDS,1 w%,,,DI Water,,150,200,,0.22,
Thakore 2021,N2,SDS,1 w%,,,DI Water,,200,100,,9,
Thakore 2021,N2,SDS,1 w%,,,DI Water,,200,120,,5,
Thakore 2021,N2,SDS,1 w%,,,DI Water,,200,150,,1.8,
Thakore 2021,N2,SDS,1 w%,,,DI Water,,200,180,,0.6,
Thakore 2021,N2,SDS,1 w%,,,DI Water,,200,200,,0.29,
Thakore 2021,N2,SDS,1 w%,,,DI Water,,250,100,,10,
Thakore 2021,N2,SDS,1 w%,,,DI Water,,250,120,,5.5,
Thakore 2021,N2,SDS,1 w%,,,DI Water,,250,150,,2.2,
Thakore 2021,N2,SDS,1 w%,,,DI Water,,250,180,,1.3,
Thakore 2021,N2,SDS,1 w%,,,DI Water,,250,200,,0.34,
Thakore 2021,N2,SDS,1 w%,,,DI Water,,300,100,,10.5,
Thakore 2021,N2,SDS,1 w%,,,DI Water,,300,120,,7,
Thakore 2021,N2,SDS,1 w%,,,DI Water,,300,150,,2.4,
Thakore 2021,N2,SDS,1 w%,,,DI Water,,300,180,,1.33,
Thakore 2021,N2,SDS,1 w%,,,DI Water,,300,200,,0.42,
Thakore 2021,N2,SDS,1 w%,,,DI Water,,350,100,,11.6,
Thakore 2021,N2,SDS,1 w%,,,DI Water,,350,120,,8.2,
Thakore 2021,N2,SDS,1 w%,,,DI Water,,350,150,,3.8,
Thakore 2021,N2,SDS,1 w%,,,DI Water,,350,180,,1.6,
Thakore 2021,N2,SDS,1 w%,,,DI Water,,350,200,,0.5,
Thakore 2021,N2,SDS,1 w%,,,DI Water,,400,100,,15,
Thakore 2021,N2,SDS,1 w%,,,DI Water,,400,120,,9,
Thakore 2021,N2,SDS,1 w%,,,DI Water,,400,150,,4,
Thakore 2021,N2,SDS,1 w%,,,DI Water,,400,180,,2,
Thakore 2021,N2,SDS,1 w%,,,DI Water,,400,200,,0.44,
Thakore 2021,N2,NP-40,1 w%,,,DI Water,,100,100,,10,
Thakore 2021,N2,NP-40,1 w%,,,DI Water,,100,120,,4,
Thakore 2021,N2,NP-40,1 w%,,,DI Water,,100,150,,1.2,
Thakore 2021,N2,NP-40,1 w%,,,DI Water,,100,180,,0.32,
Thakore 2021,N2,NP-40,1 w%,,,DI Water,,100,200,,0.17,
Thakore 2021,N2,NP-40,1 w%,,,DI Water,,150,100,,13,
Thakore 2021,N2,NP-40,1 w%,,,DI Water,,150,120,,6.3,
Thakore 2021,N2,NP-40,1 w%,,,DI Water,,150,150,,2.5,
Thakore 2021,N2,NP-40,1 w%,,,DI Water,,150,180,,0.8,
Thakore 2021,N2,NP-40,1 w%,,,DI Water,,150,200,,0.3,
Thakore 2021,N2,NP-40,1 w%,,,DI Water,,200,100,,20,
Thakore 2021,N2,NP-40,1 w%,,,DI Water,,200,120,,11,
Thakore 2021,N2,NP-40,1 w%,,,DI Water,,200,150,,2.9,
Thakore 2021,N2,NP-40,1 w%,,,DI Water,,200,180,,1,
Thakore 2021,N2,NP-40,1 w%,,,DI Water,,200,200,,0.33,
Thakore 2021,N2,NP-40,1 w%,,,DI Water,,250,100,,28,
Thakore 2021,N2,NP-40,1 w%,,,DI Water,,250,120,,15,
Thakore 2021,N2,NP-40,1 w%,,,DI Water,,250,150,,3,
Thakore 2021,N2,NP-40,1 w%,,,DI Water,,250,180,,1.8,
Thakore 2021,N2,NP-40,1 w%,,,DI Water,,250,200,,0.5,
Thakore 2021,N2,NP-40,1 w%,,,DI Water,,300,100,,36,
Thakore 2021,N2,NP-40,1 w%,,,DI Water,,300,120,,18,
Thakore 2021,N2,NP-40,1 w%,,,DI Water,,300,150,,3.2,
Thakore 2021,N2,NP-40,1 w%,,,DI Water,,300,180,,2.2,
Thakore 2021,N2,NP-40,1 w%,,,DI Water,,300,200,,0.6,
Thakore 2021,N2,NP-40,1 w%,,,DI Water,,350,100,,56,
Thakore 2021,N2,NP-40,1 w%,,,DI Water,,350,120,,21,
Thakore 2021,N2,NP-40,1 w%,,,DI Water,,350,150,,4,
Thakore 2021,N2,NP-40,1 w%,,,DI Water,,350,180,,2.7,
Thakore 2021,N2,NP-40,1 w%,,,DI Water,,350,200,,1,
Thakore 2021,N2,NP-40,1 w%,,,DI Water,,400,100,,70,
Thakore 2021,N2,NP-40,1 w%,,,DI Water,,400,120,,27,
Thakore 2021,N2,NP-40,1 w%,,,DI Water,,400,150,,5.5,
Thakore 2021,N2,NP-40,1 w%,,,DI Water,,400,180,,3,
Thakore 2021,N2,NP-40,1 w%,,,DI Water,,400,200,,1.3,
Thakore 2021,N2,CTAC,1 w%,,,DI Water,,100,100,,4,
Thakore 2021,N2,CTAC,1 w%,,,DI Water,,100,120,,2.2,
Thakore 2021,N2,CTAC,1 w%,,,DI Water,,100,150,,0.8,
Thakore 2021,N2,CTAC,1 w%,,,DI Water,,100,180,,0.2,
Thakore 2021,N2,CTAC,1 w%,,,DI Water,,100,200,,0.1,
Thakore 2021,N2,CTAC,1 w%,,,DI Water,,150,100,,5,
Thakore 2021,N2,CTAC,1 w%,,,DI Water,,150,120,,2.6,
Thakore 2021,N2,CTAC,1 w%,,,DI Water,,150,150,,1.5,
Thakore 2021,N2,CTAC,1 w%,,,DI Water,,150,180,,0.3,
Thakore 2021,N2,CTAC,1 w%,,,DI Water,,150,200,,0.2,
Thakore 2021,N2,CTAC,1 w%,,,DI Water,,200,100,,6.9,
Thakore 2021,N2,CTAC,1 w%,,,DI Water,,200,120,,5,
Thakore 2021,N2,CTAC,1 w%,,,DI Water,,200,150,,1.9,
Thakore 2021,N2,CTAC,1 w%,,,DI Water,,200,180,,0.33,
Thakore 2021,N2,CTAC,1 w%,,,DI Water,,200,200,,0.26,
Thakore 2021,N2,CTAC,1 w%,,,DI Water,,250,100,,8.6,
Thakore 2021,N2,CTAC,1 w%,,,DI Water,,250,120,,5.6,
Thakore 2021,N2,CTAC,1 w%,,,DI Water,,250,150,,2.3,
Thakore 2021,N2,CTAC,1 w%,,,DI Water,,250,180,,0.5,
Thakore 2021,N2,CTAC,1 w%,,,DI Water,,250,200,,0.28,
Thakore 2021,N2,CTAC,1 w%,,,DI Water,,300,100,,7,
Thakore 2021,N2,CTAC,1 w%,,,DI Water,,300,120,,6,
Thakore 2021,N2,CTAC,1 w%,,,DI Water,,300,150,,2.5,
Thakore 2021,N2,CTAC,1 w%,,,DI Water,,300,180,,0.75,
Thakore 2021,N2,CTAC,1 w%,,,DI Water,,300,200,,0.33,
Thakore 2021,N2,CTAC,1 w%,,,DI Water,,350,100,,9.8,
Thakore 2021,N2,CTAC,1 w%,,,DI Water,,350,120,,6.3,
Thakore 2021,N2,CTAC,1 w%,,,DI Water,,350,150,,3,
Thakore 2021,N2,CTAC,1 w%,,,DI Water,,350,180,,0.8,
Thakore 2021,N2,CTAC,1 w%,,,DI Water,,350,200,,0.37,
Thakore 2021,N2,CTAC,1 w%,,,DI Water,,400,100,,25,
Thakore 2021,N2,CTAC,1 w%,,,DI Water,,400,120,,6,
Thakore 2021,N2,CTAC,1 w%,,,DI Water,,400,150,,3.3,
Thakore 2021,N2,CTAC,1 w%,,,DI Water,,400,180,,1,
Thakore 2021,N2,CTAC,1 w%,,,DI Water,,400,200,,0.4,
Thakore 2021,N2,AOS,1 w%,Guar,0.36 w%,DI Water,,10,100,,0.95,
Thakore 2021,N2,AOS,1 w%,Guar,0.36 w%,DI Water,,10,120,,0.75,
Thakore 2021,N2,AOS,1 w%,Guar,0.36 w%,DI Water,,10,150,,0.15,
Thakore 2021,N2,AOS,1 w%,Guar,0.36 w%,DI Water,,10,180,,0.065,
Thakore 2021,N2,AOS,1 w%,Guar,0.36 w%,DI Water,,10,200,,0,
Thakore 2021,N2,AOS,1 w%,Guar,0.36 w%,DI Water,,100,100,,25,
Thakore 2021,N2,AOS,1 w%,Guar,0.36 w%,DI Water,,100,120,,8,
Thakore 2021,N2,AOS,1 w%,Guar,0.36 w%,DI Water,,100,150,,2.75,
Thakore 2021,N2,AOS,1 w%,Guar,0.36 w%,DI Water,,100,180,,1.5,
Thakore 2021,N2,AOS,1 w%,Guar,0.36 w%,DI Water,,100,200,,0.7,
Thakore 2021,N2,AOS,1 w%,Guar,0.36 w%,DI Water,,150,100,,35,
Thakore 2021,N2,AOS,1 w%,Guar,0.36 w%,DI Water,,150,120,,12,
Thakore 2021,N2,AOS,1 w%,Guar,0.36 w%,DI Water,,150,150,,6,
Thakore 2021,N2,AOS,1 w%,Guar,0.36 w%,DI Water,,150,180,,2.5,
Thakore 2021,N2,AOS,1 w%,Guar,0.36 w%,DI Water,,150,200,,1.15,
Thakore 2021,N2,AOS,1 w%,Guar,0.36 w%,DI Water,,200,100,,50,
Thakore 2021,N2,AOS,1 w%,Guar,0.36 w%,DI Water,,200,120,,16,
Thakore 2021,N2,AOS,1 w%,Guar,0.36 w%,DI Water,,200,150,,7,
Thakore 2021,N2,AOS,1 w%,Guar,0.36 w%,DI Water,,200,180,,4.5,
Thakore 2021,N2,AOS,1 w%,Guar,0.36 w%,DI Water,,200,200,,1.6,
Thakore 2021,N2,AOS,1 w%,Guar,0.36 w%,DI Water,,250,100,,80,
Thakore 2021,N2,AOS,1 w%,Guar,0.36 w%,DI Water,,250,120,,22,
Thakore 2021,N2,AOS,1 w%,Guar,0.36 w%,DI Water,,250,150,,9,
Thakore 2021,N2,AOS,1 w%,Guar,0.36 w%,DI Water,,250,180,,5,
Thakore 2021,N2,AOS,1 w%,Guar,0.36 w%,DI Water,,250,200,,2.25,
Thakore 2021,N2,AOS,1 w%,Guar,0.36 w%,DI Water,,300,100,,100,
Thakore 2021,N2,AOS,1 w%,Guar,0.36 w%,DI Water,,300,120,,30,
Thakore 2021,N2,AOS,1 w%,Guar,0.36 w%,DI Water,,300,150,,10,
Thakore 2021,N2,AOS,1 w%,Guar,0.36 w%,DI Water,,300,180,,6.5,
Thakore 2021,N2,AOS,1 w%,Guar,0.36 w%,DI Water,,300,200,,3,
Thakore 2021,N2,AOS,1 w%,Guar,0.36 w%,DI Water,,350,100,,115,
Thakore 2021,N2,AOS,1 w%,Guar,0.36 w%,DI Water,,350,120,,34,
Thakore 2021,N2,AOS,1 w%,Guar,0.36 w%,DI Water,,350,150,,11,
Thakore 2021,N2,AOS,1 w%,Guar,0.36 w%,DI Water,,350,180,,7,
Thakore 2021,N2,AOS,1 w%,Guar,0.36 w%,DI Water,,350,200,,4,
Thakore 2021,N2,AOS,1 w%,Guar,0.36 w%,DI Water,,400,100,,130,
Thakore 2021,N2,AOS,1 w%,Guar,0.36 w%,DI Water,,400,120,,45,
Thakore 2021,N2,AOS,1 w%,Guar,0.36 w%,DI Water,,400,150,,10,
Thakore 2021,N2,AOS,1 w%,Guar,0.36 w%,DI Water,,400,180,,6,
Thakore 2021,N2,AOS,1 w%,Guar,0.36 w%,DI Water,,400,200,,4.5,
Thakore 2021,N2,SDS,1 w%,Guar,0.36 w%,DI Water,,100,100,,7.8,
Thakore 2021,N2,SDS,1 w%,Guar,0.36 w%,DI Water,,100,120,,4,
Thakore 2021,N2,SDS,1 w%,Guar,0.36 w%,DI Water,,100,150,,1.3,
Thakore 2021,N2,SDS,1 w%,Guar,0.36 w%,DI Water,,100,180,,0.8,
Thakore 2021,N2,SDS,1 w%,Guar,0.36 w%,DI Water,,100,200,,0.16,
Thakore 2021,N2,SDS,1 w%,Guar,0.36 w%,DI Water,,150,100,,9,
Thakore 2021,N2,SDS,1 w%,Guar,0.36 w%,DI Water,,150,120,,5,
Thakore 2021,N2,SDS,1 w%,Guar,0.36 w%,DI Water,,150,150,,1,
Thakore 2021,N2,SDS,1 w%,Guar,0.36 w%,DI Water,,150,180,,0.9,
Thakore 2021,N2,SDS,1 w%,Guar,0.36 w%,DI Water,,150,200,,0.26,
Thakore 2021,N2,SDS,1 w%,Guar,0.36 w%,DI Water,,200,100,,11,
Thakore 2021,N2,SDS,1 w%,Guar,0.36 w%,DI Water,,200,120,,8,
Thakore 2021,N2,SDS,1 w%,Guar,0.36 w%,DI Water,,200,150,,2,
Thakore 2021,N2,SDS,1 w%,Guar,0.36 w%,DI Water,,200,180,,1,
Thakore 2021,N2,SDS,1 w%,Guar,0.36 w%,DI Water,,200,200,,0.4,
Thakore 2021,N2,SDS,1 w%,Guar,0.36 w%,DI Water,,250,100,,13,
Thakore 2021,N2,SDS,1 w%,Guar,0.36 w%,DI Water,,250,120,,5.7,
Thakore 2021,N2,SDS,1 w%,Guar,0.36 w%,DI Water,,250,150,,2.4,
Thakore 2021,N2,SDS,1 w%,Guar,0.36 w%,DI Water,,250,180,,1.2,
Thakore 2021,N2,SDS,1 w%,Guar,0.36 w%,DI Water,,250,200,,0.5,
Thakore 2021,N2,SDS,1 w%,Guar,0.36 w%,DI Water,,300,100,,13,
Thakore 2021,N2,SDS,1 w%,Guar,0.36 w%,DI Water,,300,120,,10,
Thakore 2021,N2,SDS,1 w%,Guar,0.36 w%,DI Water,,300,150,,3,
Thakore 2021,N2,SDS,1 w%,Guar,0.36 w%,DI Water,,300,180,,1.6,
Thakore 2021,N2,SDS,1 w%,Guar,0.36 w%,DI Water,,300,200,,0.63,
Thakore 2021,N2,SDS,1 w%,Guar,0.36 w%,DI Water,,350,100,,17,
Thakore 2021,N2,SDS,1 w%,Guar,0.36 w%,DI Water,,350,120,,11,
Thakore 2021,N2,SDS,1 w%,Guar,0.36 w%,DI Water,,350,150,,2.5,
Thakore 2021,N2,SDS,1 w%,Guar,0.36 w%,DI Water,,350,180,,2,
Thakore 2021,N2,SDS,1 w%,Guar,0.36 w%,DI Water,,350,200,,0.9,
Thakore 2021,N2,SDS,1 w%,Guar,0.36 w%,DI Water,,400,100,,18,
Thakore 2021,N2,SDS,1 w%,Guar,0.36 w%,DI Water,,400,120,,12,
Thakore 2021,N2,SDS,1 w%,Guar,0.36 w%,DI Water,,400,150,,4.2,
Thakore 2021,N2,SDS,1 w%,Guar,0.36 w%,DI Water,,400,180,,2.3,
Thakore 2021,N2,SDS,1 w%,Guar,0.36 w%,DI Water,,400,200,,0.5,
Thakore 2021,N2,NP-40,1 w%,Guar,0.36 w%,DI Water,,100,100,,13,
Thakore 2021,N2,NP-40,1 w%,Guar,0.36 w%,DI Water,,100,120,,6,
Thakore 2021,N2,NP-40,1 w%,Guar,0.36 w%,DI Water,,100,150,,1.5,
Thakore 2021,N2,NP-40,1 w%,Guar,0.36 w%,DI Water,,100,180,,0.4,
Thakore 2021,N2,NP-40,1 w%,Guar,0.36 w%,DI Water,,100,200,,0.3,
Thakore 2021,N2,NP-40,1 w%,Guar,0.36 w%,DI Water,,150,100,,15,
Thakore 2021,N2,NP-40,1 w%,Guar,0.36 w%,DI Water,,150,120,,9.4,
Thakore 2021,N2,NP-40,1 w%,Guar,0.36 w%,DI Water,,150,150,,2.7,
Thakore 2021,N2,NP-40,1 w%,Guar,0.36 w%,DI Water,,150,180,,1,
Thakore 2021,N2,NP-40,1 w%,Guar,0.36 w%,DI Water,,150,200,,0.36,
Thakore 2021,N2,NP-40,1 w%,Guar,0.36 w%,DI Water,,200,100,,22,
Thakore 2021,N2,NP-40,1 w%,Guar,0.36 w%,DI Water,,200,120,,15,
Thakore 2021,N2,NP-40,1 w%,Guar,0.36 w%,DI Water,,200,150,,4,
Thakore 2021,N2,NP-40,1 w%,Guar,0.36 w%,DI Water,,200,180,,1.6,
Thakore 2021,N2,NP-40,1 w%,Guar,0.36 w%,DI Water,,200,200,,0.5,
Thakore 2021,N2,NP-40,1 w%,Guar,0.36 w%,DI Water,,250,100,,15,
Thakore 2021,N2,NP-40,1 w%,Guar,0.36 w%,DI Water,,250,120,,12.3,
Thakore 2021,N2,NP-40,1 w%,Guar,0.36 w%,DI Water,,250,150,,4.2,
Thakore 2021,N2,NP-40,1 w%,Guar,0.36 w%,DI Water,,250,180,,2,
Thakore 2021,N2,NP-40,1 w%,Guar,0.36 w%,DI Water,,250,200,,0.66,
Thakore 2021,N2,NP-40,1 w%,Guar,0.36 w%,DI Water,,300,100,,40,
Thakore 2021,N2,NP-40,1 w%,Guar,0.36 w%,DI Water,,300,120,,25,
Thakore 2021,N2,NP-40,1 w%,Guar,0.36 w%,DI Water,,300,150,,4.5,
Thakore 2021,N2,NP-40,1 w%,Guar,0.36 w%,DI Water,,300,180,,3,
Thakore 2021,N2,NP-40,1 w%,Guar,0.36 w%,DI Water,,300,200,,1,
Thakore 2021,N2,NP-40,1 w%,Guar,0.36 w%,DI Water,,350,100,,18,
Thakore 2021,N2,NP-40,1 w%,Guar,0.36 w%,DI Water,,350,120,,27,
Thakore 2021,N2,NP-40,1 w%,Guar,0.36 w%,DI Water,,350,150,,5,
Thakore 2021,N2,NP-40,1 w%,Guar,0.36 w%,DI Water,,350,180,,3,
Thakore 2021,N2,NP-40,1 w%,Guar,0.36 w%,DI Water,,350,200,,1.4,
Thakore 2021,N2,NP-40,1 w%,Guar,0.36 w%,DI Water,,400,100,,90,
Thakore 2021,N2,NP-40,1 w%,Guar,0.36 w%,DI Water,,400,120,,35,
Thakore 2021,N2,NP-40,1 w%,Guar,0.36 w%,DI Water,,400,150,,8,
Thakore 2021,N2,NP-40,1 w%,Guar,0.36 w%,DI Water,,400,180,,4,
Thakore 2021,N2,NP-40,1 w%,Guar,0.36 w%,DI Water,,400,200,,1.7,
Thakore 2021,N2,CTAC,1 w%,Guar,0.36 w%,DI Water,,100,100,,12,
Thakore 2021,N2,CTAC,1 w%,Guar,0.36 w%,DI Water,,100,120,,3,
Thakore 2021,N2,CTAC,1 w%,Guar,0.36 w%,DI Water,,100,150,,0.8,
Thakore 2021,N2,CTAC,1 w%,Guar,0.36 w%,DI Water,,100,180,,0.3,
Thakore 2021,N2,CTAC,1 w%,Guar,0.36 w%,DI Water,,100,200,,0.35,
Thakore 2021,N2,CTAC,1 w%,Guar,0.36 w%,DI Water,,150,100,,12.5,
Thakore 2021,N2,CTAC,1 w%,Guar,0.36 w%,DI Water,,150,120,,5,
Thakore 2021,N2,CTAC,1 w%,Guar,0.36 w%,DI Water,,150,150,,1.6,
Thakore 2021,N2,CTAC,1 w%,Guar,0.36 w%,DI Water,,150,180,,0.46,
Thakore 2021,N2,CTAC,1 w%,Guar,0.36 w%,DI Water,,150,200,,0.4,
Thakore 2021,N2,CTAC,1 w%,Guar,0.36 w%,DI Water,,200,100,,14,
Thakore 2021,N2,CTAC,1 w%,Guar,0.36 w%,DI Water,,200,120,,6.3,
Thakore 2021,N2,CTAC,1 w%,Guar,0.36 w%,DI Water,,200,150,,2.2,
Thakore 2021,N2,CTAC,1 w%,Guar,0.36 w%,DI Water,,200,180,,0.52,
Thakore 2021,N2,CTAC,1 w%,Guar,0.36 w%,DI Water,,200,200,,0.44,
Thakore 2021,N2,CTAC,1 w%,Guar,0.36 w%,DI Water,,250,100,,16,
Thakore 2021,N2,CTAC,1 w%,Guar,0.36 w%,DI Water,,250,120,,7.8,
Thakore 2021,N2,CTAC,1 w%,Guar,0.36 w%,DI Water,,250,150,,2.8,
Thakore 2021,N2,CTAC,1 w%,Guar,0.36 w%,DI Water,,250,180,,0.6,
Thakore 2021,N2,CTAC,1 w%,Guar,0.36 w%,DI Water,,250,200,,0.5,
Thakore 2021,N2,CTAC,1 w%,Guar,0.36 w%,DI Water,,300,100,,20,
Thakore 2021,N2,CTAC,1 w%,Guar,0.36 w%,DI Water,,300,120,,9,
Thakore 2021,N2,CTAC,1 w%,Guar,0.36 w%,DI Water,,300,150,,3,
Thakore 2021,N2,CTAC,1 w%,Guar,0.36 w%,DI Water,,300,180,,1,
Thakore 2021,N2,CTAC,1 w%,Guar,0.36 w%,DI Water,,300,200,,0.55,
Thakore 2021,N2,CTAC,1 w%,Guar,0.36 w%,DI Water,,350,100,,33,
Thakore 2021,N2,CTAC,1 w%,Guar,0.36 w%,DI Water,,350,120,,15,
Thakore 2021,N2,CTAC,1 w%,Guar,0.36 w%,DI Water,,350,150,,3.4,
Thakore 2021,N2,CTAC,1 w%,Guar,0.36 w%,DI Water,,350,180,,0.88,
Thakore 2021,N2,CTAC,1 w%,Guar,0.36 w%,DI Water,,350,200,,0.71,
Thakore 2021,N2,CTAC,1 w%,Guar,0.36 w%,DI Water,,400,100,,35,
Thakore 2021,N2,CTAC,1 w%,Guar,0.36 w%,DI Water,,400,120,,18,
Thakore 2021,N2,CTAC,1 w%,Guar,0.36 w%,DI Water,,400,150,,4.5,
Thakore 2021,N2,CTAC,1 w%,Guar,0.36 w%,DI Water,,400,180,,1,
Thakore 2021,N2,CTAC,1 w%,Guar,0.36 w%,DI Water,,400,200,,1.1,
Thakore 2021,N2,AOS,1 w%,Guar + Boric Acid,0.36 w% + 0.1 w%,DI Water,,10,100,,0.68,
Thakore 2021,N2,AOS,1 w%,Guar + Boric Acid,0.36 w% + 0.1 w%,DI Water,,10,120,,0.3,
Thakore 2021,N2,AOS,1 w%,Guar + Boric Acid,0.36 w% + 0.1 w%,DI Water,,10,150,,0.091,
Thakore 2021,N2,AOS,1 w%,Guar + Boric Acid,0.36 w% + 0.1 w%,DI Water,,10,180,,0.041,
Thakore 2021,N2,AOS,1 w%,Guar + Boric Acid,0.36 w% + 0.1 w%,DI Water,,100,100,,60,
Thakore 2021,N2,AOS,1 w%,Guar + Boric Acid,0.36 w% + 0.1 w%,DI Water,,100,120,,10,
Thakore 2021,N2,AOS,1 w%,Guar + Boric Acid,0.36 w% + 0.1 w%,DI Water,,100,150,,4,
Thakore 2021,N2,AOS,1 w%,Guar + Boric Acid,0.36 w% + 0.1 w%,DI Water,,100,180,,3,
Thakore 2021,N2,AOS,1 w%,Guar + Boric Acid,0.36 w% + 0.1 w%,DI Water,,100,200,,0.8,
Thakore 2021,N2,AOS,1 w%,Guar + Boric Acid,0.36 w% + 0.1 w%,DI Water,,150,100,,70,
Thakore 2021,N2,AOS,1 w%,Guar + Boric Acid,0.36 w% + 0.1 w%,DI Water,,150,120,,14,
Thakore 2021,N2,AOS,1 w%,Guar + Boric Acid,0.36 w% + 0.1 w%,DI Water,,150,150,,8,
Thakore 2021,N2,AOS,1 w%,Guar + Boric Acid,0.36 w% + 0.1 w%,DI Water,,150,180,,3.8,
Thakore 2021,N2,AOS,1 w%,Guar + Boric Acid,0.36 w% + 0.1 w%,DI Water,,150,200,,2.5,
Thakore 2021,N2,AOS,1 w%,Guar + Boric Acid,0.36 w% + 0.1 w%,DI Water,,200,100,,88,
Thakore 2021,N2,AOS,1 w%,Guar + Boric Acid,0.36 w% + 0.1 w%,DI Water,,200,120,,18,
Thakore 2021,N2,AOS,1 w%,Guar + Boric Acid,0.36 w% + 0.1 w%,DI Water,,200,150,,9.3,
Thakore 2021,N2,AOS,1 w%,Guar + Boric Acid,0.36 w% + 0.1 w%,DI Water,,200,180,,5,
Thakore 2021,N2,AOS,1 w%,Guar + Boric Acid,0.36 w% + 0.1 w%,DI Water,,200,200,,3,
Thakore 2021,N2,AOS,1 w%,Guar + Boric Acid,0.36 w% + 0.1 w%,DI Water,,250,100,,112,
Thakore 2021,N2,AOS,1 w%,Guar + Boric Acid,0.36 w% + 0.1 w%,DI Water,,250,120,,27.4,
Thakore 2021,N2,AOS,1 w%,Guar + Boric Acid,0.36 w% + 0.1 w%,DI Water,,250,150,,10,
Thakore 2021,N2,AOS,1 w%,Guar + Boric Acid,0.36 w% + 0.1 w%,DI Water,,250,180,,6.2,
Thakore 2021,N2,AOS,1 w%,Guar + Boric Acid,0.36 w% + 0.1 w%,DI Water,,250,200,,3.6,
Thakore 2021,N2,AOS,1 w%,Guar + Boric Acid,0.36 w% + 0.1 w%,DI Water,,300,100,,125,
Thakore 2021,N2,AOS,1 w%,Guar + Boric Acid,0.36 w% + 0.1 w%,DI Water,,300,120,,34,
Thakore 2021,N2,AOS,1 w%,Guar + Boric Acid,0.36 w% + 0.1 w%,DI Water,,300,150,,12,
Thakore 2021,N2,AOS,1 w%,Guar + Boric Acid,0.36 w% + 0.1 w%,DI Water,,300,180,,7,
Thakore 2021,N2,AOS,1 w%,Guar + Boric Acid,0.36 w% + 0.1 w%,DI Water,,300,200,,4.5,
Thakore 2021,N2,AOS,1 w%,Guar + Boric Acid,0.36 w% + 0.1 w%,DI Water,,350,100,,130,
Thakore 2021,N2,AOS,1 w%,Guar + Boric Acid,0.36 w% + 0.1 w%,DI Water,,350,120,,48,
Thakore 2021,N2,AOS,1 w%,Guar + Boric Acid,0.36 w% + 0.1 w%,DI Water,,350,150,,13.2,
Thakore 2021,N2,AOS,1 w%,Guar + Boric Acid,0.36 w% + 0.1 w%,DI Water,,350,180,,7.4,
Thakore 2021,N2,AOS,1 w%,Guar + Boric Acid,0.36 w% + 0.1 w%,DI Water,,350,200,,6.6,
Thakore 2021,N2,AOS,1 w%,Guar + Boric Acid,0.36 w% + 0.1 w%,DI Water,,400,100,,140,
Thakore 2021,N2,AOS,1 w%,Guar + Boric Acid,0.36 w% + 0.1 w%,DI Water,,400,120,,65,
Thakore 2021,N2,AOS,1 w%,Guar + Boric Acid,0.36 w% + 0.1 w%,DI Water,,400,150,,14,
Thakore 2021,N2,AOS,1 w%,Guar + Boric Acid,0.36 w% + 0.1 w%,DI Water,,400,180,,8,
Thakore 2021,N2,AOS,1 w%,Guar + Boric Acid,0.36 w% + 0.1 w%,DI Water,,400,200,,9,
Thakore 2021,N2,SDS,1 w%,Guar + Boric Acid,0.36 w% + 0.1 w%,DI Water,,100,100,,7,
Thakore 2021,N2,SDS,1 w%,Guar + Boric Acid,0.36 w% + 0.1 w%,DI Water,,100,120,,3.8,
Thakore 2021,N2,SDS,1 w%,Guar + Boric Acid,0.36 w% + 0.1 w%,DI Water,,100,150,,1,
Thakore 2021,N2,SDS,1 w%,Guar + Boric Acid,0.36 w% + 0.1 w%,DI Water,,100,180,,0.3,
Thakore 2021,N2,SDS,1 w%,Guar + Boric Acid,0.36 w% + 0.1 w%,DI Water,,100,200,,0.15,
Thakore 2021,N2,SDS,1 w%,Guar + Boric Acid,0.36 w% + 0.1 w%,DI Water,,150,100,,8,
Thakore 2021,N2,SDS,1 w%,Guar + Boric Acid,0.36 w% + 0.1 w%,DI Water,,150,120,,3.3,
Thakore 2021,N2,SDS,1 w%,Guar + Boric Acid,0.36 w% + 0.1 w%,DI Water,,150,150,,2.1,
Thakore 2021,N2,SDS,1 w%,Guar + Boric Acid,0.36 w% + 0.1 w%,DI Water,,150,180,,0.4,
Thakore 2021,N2,SDS,1 w%,Guar + Boric Acid,0.36 w% + 0.1 w%,DI Water,,150,200,,0.25,
Thakore 2021,N2,SDS,1 w%,Guar + Boric Acid,0.36 w% + 0.1 w%,DI Water,,200,100,,10,
Thakore 2021,N2,SDS,1 w%,Guar + Boric Acid,0.36 w% + 0.1 w%,DI Water,,200,120,,5.5,
Thakore 2021,N2,SDS,1 w%,Guar + Boric Acid,0.36 w% + 0.1 w%,DI Water,,200,150,,1.6,
Thakore 2021,N2,SDS,1 w%,Guar + Boric Acid,0.36 w% + 0.1 w%,DI Water,,200,180,,0.66,
Thakore 2021,N2,SDS,1 w%,Guar + Boric Acid,0.36 w% + 0.1 w%,DI Water,,200,200,,0.3,
Thakore 2021,N2,SDS,1 w%,Guar + Boric Acid,0.36 w% + 0.1 w%,DI Water,,250,100,,8,
Thakore 2021,N2,SDS,1 w%,Guar + Boric Acid,0.36 w% + 0.1 w%,DI Water,,250,120,,5,
Thakore 2021,N2,SDS,1 w%,Guar + Boric Acid,0.36 w% + 0.1 w%,DI Water,,250,150,,2.1,
Thakore 2021,N2,SDS,1 w%,Guar + Boric Acid,0.36 w% + 0.1 w%,DI Water,,250,180,,0.6,
Thakore 2021,N2,SDS,1 w%,Guar + Boric Acid,0.36 w% + 0.1 w%,DI Water,,250,200,,0.45,
Thakore 2021,N2,SDS,1 w%,Guar + Boric Acid,0.36 w% + 0.1 w%,DI Water,,300,100,,11.7,
Thakore 2021,N2,SDS,1 w%,Guar + Boric Acid,0.36 w% + 0.1 w%,DI Water,,300,120,,8,
Thakore 2021,N2,SDS,1 w%,Guar + Boric Acid,0.36 w% + 0.1 w%,DI Water,,300,150,,2.8,
Thakore 2021,N2,SDS,1 w%,Guar + Boric Acid,0.36 w% + 0.1 w%,DI Water,,300,180,,1.4,
Thakore 2021,N2,SDS,1 w%,Guar + Boric Acid,0.36 w% + 0.1 w%,DI Water,,300,200,,0.5,
Thakore 2021,N2,SDS,1 w%,Guar + Boric Acid,0.36 w% + 0.1 w%,DI Water,,350,100,,14,
Thakore 2021,N2,SDS,1 w%,Guar + Boric Acid,0.36 w% + 0.1 w%,DI Water,,350,120,,5,
Thakore 2021,N2,SDS,1 w%,Guar + Boric Acid,0.36 w% + 0.1 w%,DI Water,,350,150,,3.5,
Thakore 2021,N2,SDS,1 w%,Guar + Boric Acid,0.36 w% + 0.1 w%,DI Water,,350,180,,0.8,
Thakore 2021,N2,SDS,1 w%,Guar + Boric Acid,0.36 w% + 0.1 w%,DI Water,,350,200,,0.6,
Thakore 2021,N2,SDS,1 w%,Guar + Boric Acid,0.36 w% + 0.1 w%,DI Water,,400,100,,20,
Thakore 2021,N2,SDS,1 w%,Guar + Boric Acid,0.36 w% + 0.1 w%,DI Water,,400,120,,13,
Thakore 2021,N2,SDS,1 w%,Guar + Boric Acid,0.36 w% + 0.1 w%,DI Water,,400,150,,6,
Thakore 2021,N2,SDS,1 w%,Guar + Boric Acid,0.36 w% + 0.1 w%,DI Water,,400,180,,2.8,
Thakore 2021,N2,SDS,1 w%,Guar + Boric Acid,0.36 w% + 0.1 w%,DI Water,,400,200,,0.8,
Thakore 2021,N2,NP-40,1 w%,Guar + Boric Acid,0.36 w% + 0.1 w%,DI Water,,100,100,,14,
Thakore 2021,N2,NP-40,1 w%,Guar + Boric Acid,0.36 w% + 0.1 w%,DI Water,,100,120,,10,
Thakore 2021,N2,NP-40,1 w%,Guar + Boric Acid,0.36 w% + 0.1 w%,DI Water,,100,150,,1.5,
Thakore 2021,N2,NP-40,1 w%,Guar + Boric Acid,0.36 w% + 0.1 w%,DI Water,,100,180,,0.5,
Thakore 2021,N2,NP-40,1 w%,Guar + Boric Acid,0.36 w% + 0.1 w%,DI Water,,100,200,,0.3,
Thakore 2021,N2,NP-40,1 w%,Guar + Boric Acid,0.36 w% + 0.1 w%,DI Water,,150,100,,13,
Thakore 2021,N2,NP-40,1 w%,Guar + Boric Acid,0.36 w% + 0.1 w%,DI Water,,150,120,,11,
Thakore 2021,N2,NP-40,1 w%,Guar + Boric Acid,0.36 w% + 0.1 w%,DI Water,,150,150,,2.3,
Thakore 2021,N2,NP-40,1 w%,Guar + Boric Acid,0.36 w% + 0.1 w%,DI Water,,150,180,,0.6,
Thakore 2021,N2,NP-40,1 w%,Guar + Boric Acid,0.36 w% + 0.1 w%,DI Water,,150,200,,0.35,
Thakore 2021,N2,NP-40,1 w%,Guar + Boric Acid,0.36 w% + 0.1 w%,DI Water,,200,100,,30,
Thakore 2021,N2,NP-40,1 w%,Guar + Boric Acid,0.36 w% + 0.1 w%,DI Water,,200,120,,18,
Thakore 2021,N2,NP-40,1 w%,Guar + Boric Acid,0.36 w% + 0.1 w%,DI Water,,200,150,,4,
Thakore 2021,N2,NP-40,1 w%,Guar + Boric Acid,0.36 w% + 0.1 w%,DI Water,,200,180,,1.8,
Thakore 2021,N2,NP-40,1 w%,Guar + Boric Acid,0.36 w% + 0.1 w%,DI Water,,200,200,,0.58,
Thakore 2021,N2,NP-40,1 w%,Guar + Boric Acid,0.36 w% + 0.1 w%,DI Water,,250,100,,40,
Thakore 2021,N2,NP-40,1 w%,Guar + Boric Acid,0.36 w% + 0.1 w%,DI Water,,250,120,,23,
Thakore 2021,N2,NP-40,1 w%,Guar + Boric Acid,0.36 w% + 0.1 w%,DI Water,,250,150,,3.3,
Thakore 2021,N2,NP-40,1 w%,Guar + Boric Acid,0.36 w% + 0.1 w%,DI Water,,250,180,,0.77,
Thakore 2021,N2,NP-40,1 w%,Guar + Boric Acid,0.36 w% + 0.1 w%,DI Water,,250,200,,0.5,
Thakore 2021,N2,NP-40,1 w%,Guar + Boric Acid,0.36 w% + 0.1 w%,DI Water,,300,100,,51,
Thakore 2021,N2,NP-40,1 w%,Guar + Boric Acid,0.36 w% + 0.1 w%,DI Water,,300,120,,28,
Thakore 2021,N2,NP-40,1 w%,Guar + Boric Acid,0.36 w% + 0.1 w%,DI Water,,300,150,,5,
Thakore 2021,N2,NP-40,1 w%,Guar + Boric Acid,0.36 w% + 0.1 w%,DI Water,,300,180,,3.8,
Thakore 2021,N2,NP-40,1 w%,Guar + Boric Acid,0.36 w% + 0.1 w%,DI Water,,300,200,,1.5,
Thakore 2021,N2,NP-40,1 w%,Guar + Boric Acid,0.36 w% + 0.1 w%,DI Water,,350,100,,60,
Thakore 2021,N2,NP-40,1 w%,Guar + Boric Acid,0.36 w% + 0.1 w%,DI Water,,350,120,,17,
Thakore 2021,N2,NP-40,1 w%,Guar + Boric Acid,0.36 w% + 0.1 w%,DI Water,,350,150,,4.5,
Thakore 2021,N2,NP-40,1 w%,Guar + Boric Acid,0.36 w% + 0.1 w%,DI Water,,350,180,,1,
Thakore 2021,N2,NP-40,1 w%,Guar + Boric Acid,0.36 w% + 0.1 w%,DI Water,,350,200,,0.73,
Thakore 2021,N2,NP-40,1 w%,Guar + Boric Acid,0.36 w% + 0.1 w%,DI Water,,400,100,,110,
Thakore 2021,N2,NP-40,1 w%,Guar + Boric Acid,0.36 w% + 0.1 w%,DI Water,,400,120,,58,
Thakore 2021,N2,NP-40,1 w%,Guar + Boric Acid,0.36 w% + 0.1 w%,DI Water,,400,150,,10,
Thakore 2021,N2,NP-40,1 w%,Guar + Boric Acid,0.36 w% + 0.1 w%,DI Water,,400,180,,5,
Thakore 2021,N2,NP-40,1 w%,Guar + Boric Acid,0.36 w% + 0.1 w%,DI Water,,400,200,,2,
Thakore 2021,N2,CTAC,1 w%,Guar + Boric Acid,0.36 w% + 0.1 w%,DI Water,,100,100,,14,
Thakore 2021,N2,CTAC,1 w%,Guar + Boric Acid,0.36 w% + 0.1 w%,DI Water,,100,120,,10,
Thakore 2021,N2,CTAC,1 w%,Guar + Boric Acid,0.36 w% + 0.1 w%,DI Water,,100,150,,1.5,
Thakore 2021,N2,CTAC,1 w%,Guar + Boric Acid,0.36 w% + 0.1 w%,DI Water,,100,180,,0.5,
Thakore 2021,N2,CTAC,1 w%,Guar + Boric Acid,0.36 w% + 0.1 w%,DI Water,,100,200,,0.4,
Thakore 2021,N2,CTAC,1 w%,Guar + Boric Acid,0.36 w% + 0.1 w%,DI Water,,150,100,,13,
Thakore 2021,N2,CTAC,1 w%,Guar + Boric Acid,0.36 w% + 0.1 w%,DI Water,,150,120,,11,
Thakore 2021,N2,CTAC,1 w%,Guar + Boric Acid,0.36 w% + 0.1 w%,DI Water,,150,150,,2.3,
Thakore 2021,N2,CTAC,1 w%,Guar + Boric Acid,0.36 w% + 0.1 w%,DI Water,,150,180,,0.6,
Thakore 2021,N2,CTAC,1 w%,Guar + Boric Acid,0.36 w% + 0.1 w%,DI Water,,150,200,,0.48,
Thakore 2021,N2,CTAC,1 w%,Guar + Boric Acid,0.36 w% + 0.1 w%,DI Water,,200,100,,16,
Thakore 2021,N2,CTAC,1 w%,Guar + Boric Acid,0.36 w% + 0.1 w%,DI Water,,200,120,,13,
Thakore 2021,N2,CTAC,1 w%,Guar + Boric Acid,0.36 w% + 0.1 w%,DI Water,,200,150,,3,
Thakore 2021,N2,CTAC,1 w%,Guar + Boric Acid,0.36 w% + 0.1 w%,DI Water,,200,180,,0.7,
Thakore 2021,N2,CTAC,1 w%,Guar + Boric Acid,0.36 w% + 0.1 w%,DI Water,,200,200,,0.5,
Thakore 2021,N2,CTAC,1 w%,Guar + Boric Acid,0.36 w% + 0.1 w%,DI Water,,250,100,,18,
Thakore 2021,N2,CTAC,1 w%,Guar + Boric Acid,0.36 w% + 0.1 w%,DI Water,,250,120,,13.5,
Thakore 2021,N2,CTAC,1 w%,Guar + Boric Acid,0.36 w% + 0.1 w%,DI Water,,250,150,,3.3,
Thakore 2021,N2,CTAC,1 w%,Guar + Boric Acid,0.36 w% + 0.1 w%,DI Water,,250,180,,0.77,
Thakore 2021,N2,CTAC,1 w%,Guar + Boric Acid,0.36 w% + 0.1 w%,DI Water,,250,200,,0.65,
Thakore 2021,N2,CTAC,1 w%,Guar + Boric Acid,0.36 w% + 0.1 w%,DI Water,,300,100,,25,
Thakore 2021,N2,CTAC,1 w%,Guar + Boric Acid,0.36 w% + 0.1 w%,DI Water,,300,120,,15,
Thakore 2021,N2,CTAC,1 w%,Guar + Boric Acid,0.36 w% + 0.1 w%,DI Water,,300,150,,4,
Thakore 2021,N2,CTAC,1 w%,Guar + Boric Acid,0.36 w% + 0.1 w%,DI Water,,300,180,,0.8,
Thakore 2021,N2,CTAC,1 w%,Guar + Boric Acid,0.36 w% + 0.1 w%,DI Water,,300,200,,0.7,
Thakore 2021,N2,CTAC,1 w%,Guar + Boric Acid,0.36 w% + 0.1 w%,DI Water,,350,100,,35,
Thakore 2021,N2,CTAC,1 w%,Guar + Boric Acid,0.36 w% + 0.1 w%,DI Water,,350,120,,17,
Thakore 2021,N2,CTAC,1 w%,Guar + Boric Acid,0.36 w% + 0.1 w%,DI Water,,350,150,,4.5,
Thakore 2021,N2,CTAC,1 w%,Guar + Boric Acid,0.36 w% + 0.1 w%,DI Water,,350,180,,1,
Thakore 2021,N2,CTAC,1 w%,Guar + Boric Acid,0.36 w% + 0.1 w%,DI Water,,350,200,,0.83,
Thakore 2021,N2,CTAC,1 w%,Guar + Boric Acid,0.36 w% + 0.1 w%,DI Water,,400,100,,40,
Thakore 2021,N2,CTAC,1 w%,Guar + Boric Acid,0.36 w% + 0.1 w%,DI Water,,400,120,,32,
Thakore 2021,N2,CTAC,1 w%,Guar + Boric Acid,0.36 w% + 0.1 w%,DI Water,,400,150,,8,
Thakore 2021,N2,CTAC,1 w%,Guar + Boric Acid,0.36 w% + 0.1 w%,DI Water,,400,180,,2,
Thakore 2021,N2,CTAC,1 w%,Guar + Boric Acid,0.36 w% + 0.1 w%,DI Water,,400,200,,2.3,
Thakore 2021,N2,AOS,1 w%,GO,0.05 w%,DI Water,,100,100,,65,
Thakore 2021,N2,AOS,1 w%,GO,0.05 w%,DI Water,,100,120,,12,
Thakore 2021,N2,AOS,1 w%,GO,0.05 w%,DI Water,,100,150,,6,
Thakore 2021,N2,AOS,1 w%,GO,0.05 w%,DI Water,,100,180,,3.4,
Thakore 2021,N2,AOS,1 w%,GO,0.05 w%,DI Water,,100,200,,1,
Thakore 2021,N2,AOS,1 w%,GO,0.05 w%,DI Water,,150,100,,78,
Thakore 2021,N2,AOS,1 w%,GO,0.05 w%,DI Water,,150,120,,18,
Thakore 2021,N2,AOS,1 w%,GO,0.05 w%,DI Water,,150,150,,8.3,
Thakore 2021,N2,AOS,1 w%,GO,0.05 w%,DI Water,,150,180,,4.2,
Thakore 2021,N2,AOS,1 w%,GO,0.05 w%,DI Water,,150,200,,2.8,
Thakore 2021,N2,AOS,1 w%,GO,0.05 w%,DI Water,,200,100,,100,
Thakore 2021,N2,AOS,1 w%,GO,0.05 w%,DI Water,,200,120,,23,
Thakore 2021,N2,AOS,1 w%,GO,0.05 w%,DI Water,,200,150,,9.5,
Thakore 2021,N2,AOS,1 w%,GO,0.05 w%,DI Water,,200,180,,5.8,
Thakore 2021,N2,AOS,1 w%,GO,0.05 w%,DI Water,,200,200,,3.3,
Thakore 2021,N2,AOS,1 w%,GO,0.05 w%,DI Water,,250,100,,120,
Thakore 2021,N2,AOS,1 w%,GO,0.05 w%,DI Water,,250,120,,29,
Thakore 2021,N2,AOS,1 w%,GO,0.05 w%,DI Water,,250,150,,11,
Thakore 2021,N2,AOS,1 w%,GO,0.05 w%,DI Water,,250,180,,7,
Thakore 2021,N2,AOS,1 w%,GO,0.05 w%,DI Water,,250,200,,4,
Thakore 2021,N2,AOS,1 w%,GO,0.05 w%,DI Water,,300,100,,138,
Thakore 2021,N2,AOS,1 w%,GO,0.05 w%,DI Water,,300,120,,37,
Thakore 2021,N2,AOS,1 w%,GO,0.05 w%,DI Water,,300,150,,13,
Thakore 2021,N2,AOS,1 w%,GO,0.05 w%,DI Water,,300,180,,8.4,
Thakore 2021,N2,AOS,1 w%,GO,0.05 w%,DI Water,,300,200,,6,
Thakore 2021,N2,AOS,1 w%,GO,0.05 w%,DI Water,,350,100,,146,
Thakore 2021,N2,AOS,1 w%,GO,0.05 w%,DI Water,,350,120,,59,
Thakore 2021,N2,AOS,1 w%,GO,0.05 w%,DI Water,,350,150,,14,
Thakore 2021,N2,AOS,1 w%,GO,0.05 w%,DI Water,,350,180,,10,
Thakore 2021,N2,AOS,1 w%,GO,0.05 w%,DI Water,,350,200,,7,
Thakore 2021,N2,AOS,1 w%,GO,0.05 w%,DI Water,,400,100,,155,
Thakore 2021,N2,AOS,1 w%,GO,0.05 w%,DI Water,,400,120,,68,
Thakore 2021,N2,AOS,1 w%,GO,0.05 w%,DI Water,,400,150,,16,
Thakore 2021,N2,AOS,1 w%,GO,0.05 w%,DI Water,,400,180,,13,
Thakore 2021,N2,AOS,1 w%,GO,0.05 w%,DI Water,,400,200,,9,
Thakore 2021,N2,SDS,1 w%,GO,0.05 w%,DI Water,,100,100,,10,
Thakore 2021,N2,SDS,1 w%,GO,0.05 w%,DI Water,,100,120,,4.8,
Thakore 2021,N2,SDS,1 w%,GO,0.05 w%,DI Water,,100,150,,2,
Thakore 2021,N2,SDS,1 w%,GO,0.05 w%,DI Water,,100,180,,1,
Thakore 2021,N2,SDS,1 w%,GO,0.05 w%,DI Water,,100,200,,0.2,
Thakore 2021,N2,SDS,1 w%,GO,0.05 w%,DI Water,,200,100,,15,
Thakore 2021,N2,SDS,1 w%,GO,0.05 w%,DI Water,,200,120,,9,
Thakore 2021,N2,SDS,1 w%,GO,0.05 w%,DI Water,,200,150,,2.5,
Thakore 2021,N2,SDS,1 w%,GO,0.05 w%,DI Water,,200,180,,1.8,
Thakore 2021,N2,SDS,1 w%,GO,0.05 w%,DI Water,,200,200,,0.44,
Thakore 2021,N2,SDS,1 w%,GO,0.05 w%,DI Water,,300,100,,17,
Thakore 2021,N2,SDS,1 w%,GO,0.05 w%,DI Water,,300,120,,12,
Thakore 2021,N2,SDS,1 w%,GO,0.05 w%,DI Water,,300,150,,4,
Thakore 2021,N2,SDS,1 w%,GO,0.05 w%,DI Water,,300,180,,2,
Thakore 2021,N2,SDS,1 w%,GO,0.05 w%,DI Water,,300,200,,0.75,
Thakore 2021,N2,SDS,1 w%,GO,0.05 w%,DI Water,,350,200,,0.78,
Thakore 2021,N2,SDS,1 w%,GO,0.05 w%,DI Water,,400,100,,23,
Thakore 2021,N2,SDS,1 w%,GO,0.05 w%,DI Water,,400,120,,15,
Thakore 2021,N2,SDS,1 w%,GO,0.05 w%,DI Water,,400,150,,8,
Thakore 2021,N2,SDS,1 w%,GO,0.05 w%,DI Water,,400,180,,3.3,
Thakore 2021,N2,SDS,1 w%,GO,0.05 w%,DI Water,,400,200,,0.8,
Thakore 2021,N2,NP-40,1 w%,GO,0.05 w%,DI Water,,100,100,,18,
Thakore 2021,N2,NP-40,1 w%,GO,0.05 w%,DI Water,,100,120,,12,
Thakore 2021,N2,NP-40,1 w%,GO,0.05 w%,DI Water,,100,150,,3,
Thakore 2021,N2,NP-40,1 w%,GO,0.05 w%,DI Water,,100,180,,1,
Thakore 2021,N2,NP-40,1 w%,GO,0.05 w%,DI Water,,100,200,,0.5,
Thakore 2021,N2,NP-40,1 w%,GO,0.05 w%,DI Water,,200,100,,50,
Thakore 2021,N2,NP-40,1 w%,GO,0.05 w%,DI Water,,200,120,,28,
Thakore 2021,N2,NP-40,1 w%,GO,0.05 w%,DI Water,,200,150,,7,
Thakore 2021,N2,NP-40,1 w%,GO,0.05 w%,DI Water,,200,180,,1.9,
Thakore 2021,N2,NP-40,1 w%,GO,0.05 w%,DI Water,,200,200,,0.6,
Thakore 2021,N2,NP-40,1 w%,GO,0.05 w%,DI Water,,300,100,,47,
Thakore 2021,N2,NP-40,1 w%,GO,0.05 w%,DI Water,,300,120,,27,
Thakore 2021,N2,NP-40,1 w%,GO,0.05 w%,DI Water,,300,150,,8,
Thakore 2021,N2,NP-40,1 w%,GO,0.05 w%,DI Water,,300,180,,5,
Thakore 2021,N2,NP-40,1 w%,GO,0.05 w%,DI Water,,300,200,,1.8,
Thakore 2021,N2,NP-40,1 w%,GO,0.05 w%,DI Water,,400,100,,100,
Thakore 2021,N2,NP-40,1 w%,GO,0.05 w%,DI Water,,400,120,,50,
Thakore 2021,N2,NP-40,1 w%,GO,0.05 w%,DI Water,,400,150,,12,
Thakore 2021,N2,NP-40,1 w%,GO,0.05 w%,DI Water,,400,180,,7,
Thakore 2021,N2,NP-40,1 w%,GO,0.05 w%,DI Water,,400,200,,2.8,
Thakore 2021,N2,CTAC,1 w%,GO,0.05 w%,DI Water,,100,100,,15,
Thakore 2021,N2,CTAC,1 w%,GO,0.05 w%,DI Water,,100,120,,11,
Thakore 2021,N2,CTAC,1 w%,GO,0.05 w%,DI Water,,100,150,,1.8,
Thakore 2021,N2,CTAC,1 w%,GO,0.05 w%,DI Water,,100,180,,0.5,
Thakore 2021,N2,CTAC,1 w%,GO,0.05 w%,DI Water,,100,200,,0.45,
Thakore 2021,N2,CTAC,1 w%,GO,0.05 w%,DI Water,,200,100,,15.8,
Thakore 2021,N2,CTAC,1 w%,GO,0.05 w%,DI Water,,200,120,,13,
Thakore 2021,N2,CTAC,1 w%,GO,0.05 w%,DI Water,,200,150,,4,
Thakore 2021,N2,CTAC,1 w%,GO,0.05 w%,DI Water,,200,180,,0.77,
Thakore 2021,N2,CTAC,1 w%,GO,0.05 w%,DI Water,,200,200,,0.6,
Thakore 2021,N2,CTAC,1 w%,GO,0.05 w%,DI Water,,300,100,,24,
Thakore 2021,N2,CTAC,1 w%,GO,0.05 w%,DI Water,,300,120,,15,
Thakore 2021,N2,CTAC,1 w%,GO,0.05 w%,DI Water,,300,150,,5,
Thakore 2021,N2,CTAC,1 w%,GO,0.05 w%,DI Water,,300,180,,1,
Thakore 2021,N2,CTAC,1 w%,GO,0.05 w%,DI Water,,300,200,,0.8,
Thakore 2021,N2,CTAC,1 w%,GO,0.05 w%,DI Water,,400,100,,38,
Thakore 2021,N2,CTAC,1 w%,GO,0.05 w%,DI Water,,400,120,,30,
Thakore 2021,N2,CTAC,1 w%,GO,0.05 w%,DI Water,,400,150,,10,
Thakore 2021,N2,CTAC,1 w%,GO,0.05 w%,DI Water,,400,180,,3,
Thakore 2021,N2,CTAC,1 w%,GO,0.05 w%,DI Water,,400,200,,2.5,
Thakore 2021,N2,AOS,1 w%,Betonite Clay,0.36 w%,DI Water,,10,100,,0.68,
Thakore 2021,N2,AOS,1 w%,Betonite Clay,0.36 w%,DI Water,,10,120,,0.3,
Thakore 2021,N2,AOS,1 w%,Betonite Clay,0.36 w%,DI Water,,10,150,,0.091,
Thakore 2021,N2,AOS,1 w%,Betonite Clay,0.36 w%,DI Water,,10,180,,0.041,
Thakore 2021,N2,AOS,1 w%,Betonite Clay,0.36 w%,DI Water,,100,100,,20,
Thakore 2021,N2,AOS,1 w%,Betonite Clay,0.36 w%,DI Water,,100,120,,6,
Thakore 2021,N2,AOS,1 w%,Betonite Clay,0.36 w%,DI Water,,100,150,,2,
Thakore 2021,N2,AOS,1 w%,Betonite Clay,0.36 w%,DI Water,,100,180,,1.1,
Thakore 2021,N2,AOS,1 w%,Betonite Clay,0.36 w%,DI Water,,100,200,,0.5,
Thakore 2021,N2,AOS,1 w%,Betonite Clay,0.36 w%,DI Water,,150,100,,28,
Thakore 2021,N2,AOS,1 w%,Betonite Clay,0.36 w%,DI Water,,150,120,,10,
Thakore 2021,N2,AOS,1 w%,Betonite Clay,0.36 w%,DI Water,,150,150,,5.4,
Thakore 2021,N2,AOS,1 w%,Betonite Clay,0.36 w%,DI Water,,150,180,,1.9,
Thakore 2021,N2,AOS,1 w%,Betonite Clay,0.36 w%,DI Water,,150,200,,1,
Thakore 2021,N2,AOS,1 w%,Betonite Clay,0.36 w%,DI Water,,200,100,,36,
Thakore 2021,N2,AOS,1 w%,Betonite Clay,0.36 w%,DI Water,,200,120,,13.6,
Thakore 2021,N2,AOS,1 w%,Betonite Clay,0.36 w%,DI Water,,200,150,,5.5,
Thakore 2021,N2,AOS,1 w%,Betonite Clay,0.36 w%,DI Water,,200,180,,3.1,
Thakore 2021,N2,AOS,1 w%,Betonite Clay,0.36 w%,DI Water,,200,200,,1.3,
Thakore 2021,N2,AOS,1 w%,Betonite Clay,0.36 w%,DI Water,,250,100,,59,
Thakore 2021,N2,AOS,1 w%,Betonite Clay,0.36 w%,DI Water,,250,120,,18.8,
Thakore 2021,N2,AOS,1 w%,Betonite Clay,0.36 w%,DI Water,,250,150,,6.6,
Thakore 2021,N2,AOS,1 w%,Betonite Clay,0.36 w%,DI Water,,250,180,,4.2,
Thakore 2021,N2,AOS,1 w%,Betonite Clay,0.36 w%,DI Water,,250,200,,1.7,
Thakore 2021,N2,AOS,1 w%,Betonite Clay,0.36 w%,DI Water,,300,100,,65,
Thakore 2021,N2,AOS,1 w%,Betonite Clay,0.36 w%,DI Water,,300,120,,24,
Thakore 2021,N2,AOS,1 w%,Betonite Clay,0.36 w%,DI Water,,300,150,,7,
Thakore 2021,N2,AOS,1 w%,Betonite Clay,0.36 w%,DI Water,,300,180,,3.2,
Thakore 2021,N2,AOS,1 w%,Betonite Clay,0.36 w%,DI Water,,300,200,,1.8,
Thakore 2021,N2,AOS,1 w%,Betonite Clay,0.36 w%,DI Water,,350,100,,90,
Thakore 2021,N2,AOS,1 w%,Betonite Clay,0.36 w%,DI Water,,350,120,,31,
Thakore 2021,N2,AOS,1 w%,Betonite Clay,0.36 w%,DI Water,,350,150,,9.5,
Thakore 2021,N2,AOS,1 w%,Betonite Clay,0.36 w%,DI Water,,350,180,,5,
Thakore 2021,N2,AOS,1 w%,Betonite Clay,0.36 w%,DI Water,,350,200,,2.7,
Thakore 2021,N2,AOS,1 w%,Betonite Clay,0.36 w%,DI Water,,400,100,,100,
Thakore 2021,N2,AOS,1 w%,Betonite Clay,0.36 w%,DI Water,,400,120,,36,
Thakore 2021,N2,AOS,1 w%,Betonite Clay,0.36 w%,DI Water,,400,150,,7.8,
Thakore 2021,N2,AOS,1 w%,Betonite Clay,0.36 w%,DI Water,,400,180,,5.6,
Thakore 2021,N2,AOS,1 w%,Betonite Clay,0.36 w%,DI Water,,400,200,,3,
Thakore 2021,N2,SDS,1 w%,Betonite Clay,0.36 w%,DI Water,,100,100,,8,
Thakore 2021,N2,SDS,1 w%,Betonite Clay,0.36 w%,DI Water,,100,120,,4.5,
Thakore 2021,N2,SDS,1 w%,Betonite Clay,0.36 w%,DI Water,,100,150,,1.8,
Thakore 2021,N2,SDS,1 w%,Betonite Clay,0.36 w%,DI Water,,100,180,,0.8,
Thakore 2021,N2,SDS,1 w%,Betonite Clay,0.36 w%,DI Water,,100,200,,0.18,
Thakore 2021,N2,SDS,1 w%,Betonite Clay,0.36 w%,DI Water,,200,100,,13,
Thakore 2021,N2,SDS,1 w%,Betonite Clay,0.36 w%,DI Water,,200,120,,9.6,
Thakore 2021,N2,SDS,1 w%,Betonite Clay,0.36 w%,DI Water,,200,150,,2.2,
Thakore 2021,N2,SDS,1 w%,Betonite Clay,0.36 w%,DI Water,,200,180,,1.2,
Thakore 2021,N2,SDS,1 w%,Betonite Clay,0.36 w%,DI Water,,200,200,,0.42,
Thakore 2021,N2,SDS,1 w%,Betonite Clay,0.36 w%,DI Water,,300,100,,15,
Thakore 2021,N2,SDS,1 w%,Betonite Clay,0.36 w%,DI Water,,300,120,,11.7,
Thakore 2021,N2,SDS,1 w%,Betonite Clay,0.36 w%,DI Water,,300,150,,3.5,
Thakore 2021,N2,SDS,1 w%,Betonite Clay,0.36 w%,DI Water,,300,180,,1.9,
Thakore 2021,N2,SDS,1 w%,Betonite Clay,0.36 w%,DI Water,,300,200,,0.69,
Thakore 2021,N2,SDS,1 w%,Betonite Clay,0.36 w%,DI Water,,400,100,,22,
Thakore 2021,N2,SDS,1 w%,Betonite Clay,0.36 w%,DI Water,,400,120,,14,
Thakore 2021,N2,SDS,1 w%,Betonite Clay,0.36 w%,DI Water,,400,150,,7.5,
Thakore 2021,N2,SDS,1 w%,Betonite Clay,0.36 w%,DI Water,,400,180,,3,
Thakore 2021,N2,SDS,1 w%,Betonite Clay,0.36 w%,DI Water,,400,200,,0.78,
Thakore 2021,N2,NP-40,1 w%,Betonite Clay,0.36 w%,DI Water,,100,100,,11.2,
Thakore 2021,N2,NP-40,1 w%,Betonite Clay,0.36 w%,DI Water,,100,120,,4.8,
Thakore 2021,N2,NP-40,1 w%,Betonite Clay,0.36 w%,DI Water,,100,150,,1.8,
Thakore 2021,N2,NP-40,1 w%,Betonite Clay,0.36 w%,DI Water,,100,180,,0.77,
Thakore 2021,N2,NP-40,1 w%,Betonite Clay,0.36 w%,DI Water,,100,200,,0.4,
Thakore 2021,N2,NP-40,1 w%,Betonite Clay,0.36 w%,DI Water,,200,100,,9,
Thakore 2021,N2,NP-40,1 w%,Betonite Clay,0.36 w%,DI Water,,400,100,,30,
Thakore 2021,N2,NP-40,1 w%,Betonite Clay,0.36 w%,DI Water,,400,120,,14.1,
Thakore 2021,N2,NP-40,1 w%,Betonite Clay,0.36 w%,DI Water,,400,150,,8,
Thakore 2021,N2,NP-40,1 w%,Betonite Clay,0.36 w%,DI Water,,400,180,,2.1,
Thakore 2021,N2,NP-40,1 w%,Betonite Clay,0.36 w%,DI Water,,400,200,,1,
Thakore 2021,N2,CTAC,1 w%,Betonite Clay,0.36 w%,DI Water,,100,100,,12,
Thakore 2021,N2,CTAC,1 w%,Betonite Clay,0.36 w%,DI Water,,100,120,,6.2,
Thakore 2021,N2,CTAC,1 w%,Betonite Clay,0.36 w%,DI Water,,100,150,,2.2,
Thakore 2021,N2,CTAC,1 w%,Betonite Clay,0.36 w%,DI Water,,100,180,,1.9,
Thakore 2021,N2,CTAC,1 w%,Betonite Clay,0.36 w%,DI Water,,100,200,,0.66,
Thakore 2021,N2,CTAC,1 w%,Betonite Clay,0.36 w%,DI Water,,200,100,,13,
Thakore 2021,N2,CTAC,1 w%,Betonite Clay,0.36 w%,DI Water,,200,120,,12,
Thakore 2021,N2,CTAC,1 w%,Betonite Clay,0.36 w%,DI Water,,200,150,,4.8,
Thakore 2021,N2,CTAC,1 w%,Betonite Clay,0.36 w%,DI Water,,200,180,,0.83,
Thakore 2021,N2,CTAC,1 w%,Betonite Clay,0.36 w%,DI Water,,200,200,,0.65,
Thakore 2021,N2,CTAC,1 w%,Betonite Clay,0.36 w%,DI Water,,300,100,,18,
Thakore 2021,N2,CTAC,1 w%,Betonite Clay,0.36 w%,DI Water,,300,120,,8.5,
Thakore 2021,N2,CTAC,1 w%,Betonite Clay,0.36 w%,DI Water,,300,150,,5.5,
Thakore 2021,N2,CTAC,1 w%,Betonite Clay,0.36 w%,DI Water,,300,180,,1.2,
Thakore 2021,N2,CTAC,1 w%,Betonite Clay,0.36 w%,DI Water,,300,200,,0.8,
Thakore 2021,N2,CTAC,1 w%,Betonite Clay,0.36 w%,DI Water,,400,100,,32,
Thakore 2021,N2,CTAC,1 w%,Betonite Clay,0.36 w%,DI Water,,400,120,,15,
Thakore 2021,N2,CTAC,1 w%,Betonite Clay,0.36 w%,DI Water,,400,150,,9.5,
Thakore 2021,N2,CTAC,1 w%,Betonite Clay,0.36 w%,DI Water,,400,180,,3,
Thakore 2021,N2,CTAC,1 w%,Betonite Clay,0.36 w%,DI Water,,400,200,,2.5,
Thakore 2021,N2,AOS,1 w%,,,DI Water,,500,100,,67,
Thakore 2021,N2,AOS,1 w%,,,DI Water,,500,120,,,
Thakore 2021,N2,AOS,1 w%,,,DI Water,,500,150,,10,
Thakore 2021,N2,AOS,1 w%,,,DI Water,,500,180,,,
Thakore 2021,N2,AOS,1 w%,,,DI Water,,500,200,,6,
Thakore 2021,N2,AOS,1 w%,,,DI Water,,600,100,,70,
Thakore 2021,N2,AOS,1 w%,,,DI Water,,600,120,,,
Thakore 2021,N2,AOS,1 w%,,,DI Water,,600,150,,12,
Thakore 2021,N2,AOS,1 w%,,,DI Water,,600,180,,,
Thakore 2021,N2,AOS,1 w%,,,DI Water,,600,200,,8,
Thakore 2021,N2,AOS,1 w%,,,DI Water,,800,100,,73,
Thakore 2021,N2,AOS,1 w%,,,DI Water,,800,120,,,
Thakore 2021,N2,AOS,1 w%,,,DI Water,,800,150,,17,
Thakore 2021,N2,AOS,1 w%,,,DI Water,,800,180,,,
Thakore 2021,N2,AOS,1 w%,,,DI Water,,800,200,,9.2,
Thakore 2021,N2,AOS,1 w%,,,DI Water,,1000,100,,78,
Thakore 2021,N2,AOS,1 w%,,,DI Water,,1000,120,,,
Thakore 2021,N2,AOS,1 w%,,,DI Water,,1000,150,,40,
Thakore 2021,N2,AOS,1 w%,,,DI Water,,1000,180,,,
Thakore 2021,N2,AOS,1 w%,,,DI Water,,1000,200,,10,
